<?xml version="1.0" encoding="UTF-8" standalone="no"?>
<!DOCTYPE log SYSTEM "logger.dtd">
<log>
<record>
  <date>2024-10-13T08:06:54.927154600Z</date>
  <millis>1728806814927</millis>
  <nanos>154600</nanos>
  <sequence>0</sequence>
  <level>START</level>
  <class>com.kms.katalon.core.logging.XmlKeywordLogger</class>
  <method>startSuite</method>
  <thread>1</thread>
  <message>Start Test Suite : Test Suites/website</message>
  <nestedLevel>0</nestedLevel>
  <escapedJava>false</escapedJava>
  <property name="rerunTestFailImmediately">true</property>
  <property name="retryCount">3</property>
  <property name="name">website</property>
  <property name="description"></property>
  <property name="id">Test Suites/website</property>
</record>
<record>
  <date>2024-10-13T08:06:54.937120200Z</date>
  <millis>1728806814937</millis>
  <nanos>120200</nanos>
  <sequence>1</sequence>
  <level>RUN_DATA</level>
  <class>com.kms.katalon.core.logging.XmlKeywordLogger</class>
  <method>logMessage</method>
  <thread>1</thread>
  <message>hostName = Rohit Roy - DESKTOP-40FUI3F</message>
  <nestedLevel>0</nestedLevel>
  <escapedJava>false</escapedJava>
  <property name="hostName">Rohit Roy - DESKTOP-40FUI3F</property>
</record>
<record>
  <date>2024-10-13T08:06:54.938117300Z</date>
  <millis>1728806814938</millis>
  <nanos>117300</nanos>
  <sequence>2</sequence>
  <level>RUN_DATA</level>
  <class>com.kms.katalon.core.logging.XmlKeywordLogger</class>
  <method>logMessage</method>
  <thread>1</thread>
  <message>os = Windows 11 64bit</message>
  <nestedLevel>0</nestedLevel>
  <escapedJava>false</escapedJava>
  <property name="os">Windows 11 64bit</property>
</record>
<record>
  <date>2024-10-13T08:06:54.938117300Z</date>
  <millis>1728806814938</millis>
  <nanos>117300</nanos>
  <sequence>3</sequence>
  <level>RUN_DATA</level>
  <class>com.kms.katalon.core.logging.XmlKeywordLogger</class>
  <method>logMessage</method>
  <thread>1</thread>
  <message>hostAddress = 192.168.29.56</message>
  <nestedLevel>0</nestedLevel>
  <escapedJava>false</escapedJava>
  <property name="hostAddress">192.168.29.56</property>
</record>
<record>
  <date>2024-10-13T08:06:54.938117300Z</date>
  <millis>1728806814938</millis>
  <nanos>117300</nanos>
  <sequence>4</sequence>
  <level>RUN_DATA</level>
  <class>com.kms.katalon.core.logging.XmlKeywordLogger</class>
  <method>logMessage</method>
  <thread>1</thread>
  <message>katalonVersion = 9.7.2.223</message>
  <nestedLevel>0</nestedLevel>
  <escapedJava>false</escapedJava>
  <property name="katalonVersion">9.7.2.223</property>
</record>
<record>
  <date>2024-10-13T08:06:55.004203900Z</date>
  <millis>1728806815004</millis>
  <nanos>203900</nanos>
  <sequence>5</sequence>
  <level>START</level>
  <class>com.kms.katalon.core.logging.XmlKeywordLogger</class>
  <method>startTest</method>
  <thread>1</thread>
  <message>Start Test Case : Test Cases/Amzon</message>
  <nestedLevel>1</nestedLevel>
  <escapedJava>false</escapedJava>
  <property name="remainingRetryCount">3</property>
  <property name="name">Test Cases/Amzon</property>
  <property name="description"></property>
  <property name="iteration"></property>
  <property name="id">Test Cases/Amzon</property>
  <property name="source">C:\Users\Rohit Roy\git\Katalon-Project\Test Cases\Amzon.tc</property>
  <property name="tag"></property>
  <property name="isOptional">false</property>
  <property name="currentRetryCount">0</property>
</record>
<record>
  <date>2024-10-13T08:06:55.116362200Z</date>
  <millis>1728806815116</millis>
  <nanos>362200</nanos>
  <sequence>7</sequence>
  <level>START</level>
  <class>com.kms.katalon.core.logging.XmlKeywordLogger</class>
  <method>startKeyword</method>
  <thread>1</thread>
  <message>Start action : openBrowser(&amp;quot;&amp;quot;)</message>
  <nestedLevel>1</nestedLevel>
  <escapedJava>false</escapedJava>
  <property name="startLine">20</property>
  <property name="stepIndex">1</property>
</record>
<record>
  <date>2024-10-13T08:06:55.273799600Z</date>
  <millis>1728806815273</millis>
  <nanos>799600</nanos>
  <sequence>9</sequence>
  <level>INFO</level>
  <class>com.kms.katalon.core.logging.XmlKeywordLogger</class>
  <method>logMessage</method>
  <thread>1</thread>
  <message>Starting &amp;apos;Chrome&amp;apos; driver</message>
  <nestedLevel>1</nestedLevel>
  <escapedJava>false</escapedJava>
</record>
<record>
  <date>2024-10-13T08:06:55.295726900Z</date>
  <millis>1728806815295</millis>
  <nanos>726900</nanos>
  <sequence>11</sequence>
  <level>INFO</level>
  <class>com.kms.katalon.core.logging.XmlKeywordLogger</class>
  <method>logMessage</method>
  <thread>1</thread>
  <message>Action delay is set to 0 milliseconds</message>
  <nestedLevel>1</nestedLevel>
  <escapedJava>false</escapedJava>
</record>
<record>
  <date>2024-10-13T08:06:56.280872600Z</date>
  <millis>1728806816280</millis>
  <nanos>872600</nanos>
  <sequence>13</sequence>
  <level>RUN_DATA</level>
  <class>com.kms.katalon.core.logging.XmlKeywordLogger</class>
  <method>logMessage</method>
  <thread>1</thread>
  <message>sessionId = 1c41ccb0bc2de5a91cb076dac442e7bf</message>
  <nestedLevel>1</nestedLevel>
  <escapedJava>false</escapedJava>
  <property name="sessionId">1c41ccb0bc2de5a91cb076dac442e7bf</property>
</record>
<record>
  <date>2024-10-13T08:06:56.290838800Z</date>
  <millis>1728806816290</millis>
  <nanos>838800</nanos>
  <sequence>14</sequence>
  <level>RUN_DATA</level>
  <class>com.kms.katalon.core.logging.XmlKeywordLogger</class>
  <method>logMessage</method>
  <thread>1</thread>
  <message>browser = Chrome 130.0.0.0</message>
  <nestedLevel>1</nestedLevel>
  <escapedJava>false</escapedJava>
  <property name="browser">Chrome 130.0.0.0</property>
</record>
<record>
  <date>2024-10-13T08:06:56.290838800Z</date>
  <millis>1728806816290</millis>
  <nanos>838800</nanos>
  <sequence>15</sequence>
  <level>RUN_DATA</level>
  <class>com.kms.katalon.core.logging.XmlKeywordLogger</class>
  <method>logMessage</method>
  <thread>1</thread>
  <message>platform = Windows 11</message>
  <nestedLevel>1</nestedLevel>
  <escapedJava>false</escapedJava>
  <property name="platform">Windows 11</property>
</record>
<record>
  <date>2024-10-13T08:06:56.290838800Z</date>
  <millis>1728806816290</millis>
  <nanos>838800</nanos>
  <sequence>16</sequence>
  <level>RUN_DATA</level>
  <class>com.kms.katalon.core.logging.XmlKeywordLogger</class>
  <method>logMessage</method>
  <thread>1</thread>
  <message>seleniumVersion = 3.141.59</message>
  <nestedLevel>1</nestedLevel>
  <escapedJava>false</escapedJava>
  <property name="seleniumVersion">3.141.59</property>
</record>
<record>
  <date>2024-10-13T08:06:56.291835600Z</date>
  <millis>1728806816291</millis>
  <nanos>835600</nanos>
  <sequence>17</sequence>
  <level>RUN_DATA</level>
  <class>com.kms.katalon.core.logging.XmlKeywordLogger</class>
  <method>logMessage</method>
  <thread>1</thread>
  <message>proxyInformation = ProxyInformation { proxyOption=NO_PROXY, proxyServerType=HTTP, username=, password=********, proxyServerAddress=, proxyServerPort=0, executionList=&amp;quot;&amp;quot;, isApplyToDesiredCapabilities=true }</message>
  <nestedLevel>1</nestedLevel>
  <escapedJava>false</escapedJava>
  <property name="proxyInformation">ProxyInformation { proxyOption=NO_PROXY, proxyServerType=HTTP, username=, password=********, proxyServerAddress=, proxyServerPort=0, executionList=&quot;&quot;, isApplyToDesiredCapabilities=true }</property>
</record>
<record>
  <date>2024-10-13T08:06:56.297817400Z</date>
  <millis>1728806816297</millis>
  <nanos>817400</nanos>
  <sequence>18</sequence>
  <level>PASSED</level>
  <class>com.kms.katalon.core.logging.XmlKeywordLogger</class>
  <method>logMessage</method>
  <thread>1</thread>
  <message>Browser is opened with url: &amp;apos;&amp;apos;</message>
  <nestedLevel>1</nestedLevel>
  <escapedJava>false</escapedJava>
  <property name="testops-method-name">com.kms.katalon.core.webui.keyword.builtin.OpenBrowserKeyword.openBrowser</property>
  <property name="testops-execution-stacktrace"></property>
</record>
<record>
  <date>2024-10-13T08:06:56.298813300Z</date>
  <millis>1728806816298</millis>
  <nanos>813300</nanos>
  <sequence>19</sequence>
  <level>END</level>
  <class>com.kms.katalon.core.logging.XmlKeywordLogger</class>
  <method>endKeyword</method>
  <thread>1</thread>
  <message>End action : openBrowser(&amp;quot;&amp;quot;)</message>
  <nestedLevel>1</nestedLevel>
  <escapedJava>false</escapedJava>
</record>
<record>
  <date>2024-10-13T08:06:56.299810Z</date>
  <millis>1728806816299</millis>
  <nanos>810000</nanos>
  <sequence>20</sequence>
  <level>START</level>
  <class>com.kms.katalon.core.logging.XmlKeywordLogger</class>
  <method>startKeyword</method>
  <thread>1</thread>
  <message>Start action : navigateToUrl(&amp;quot;https://www.amazon.in/&amp;quot;)</message>
  <nestedLevel>1</nestedLevel>
  <escapedJava>false</escapedJava>
  <property name="startLine">22</property>
  <property name="stepIndex">2</property>
</record>
<record>
  <date>2024-10-13T08:06:57.681014900Z</date>
  <millis>1728806817681</millis>
  <nanos>14900</nanos>
  <sequence>23</sequence>
  <level>PASSED</level>
  <class>com.kms.katalon.core.logging.XmlKeywordLogger</class>
  <method>logMessage</method>
  <thread>1</thread>
  <message>Navigate to &amp;apos;https://www.amazon.in/&amp;apos; successfully</message>
  <nestedLevel>1</nestedLevel>
  <escapedJava>false</escapedJava>
  <property name="testops-method-name">com.kms.katalon.core.webui.keyword.builtin.NavigateToUrlKeyword.navigateToUrl</property>
  <property name="testops-execution-stacktrace"></property>
</record>
<record>
  <date>2024-10-13T08:06:57.685002Z</date>
  <millis>1728806817685</millis>
  <nanos>2000</nanos>
  <sequence>24</sequence>
  <level>END</level>
  <class>com.kms.katalon.core.logging.XmlKeywordLogger</class>
  <method>endKeyword</method>
  <thread>1</thread>
  <message>End action : navigateToUrl(&amp;quot;https://www.amazon.in/&amp;quot;)</message>
  <nestedLevel>1</nestedLevel>
  <escapedJava>false</escapedJava>
</record>
<record>
  <date>2024-10-13T08:06:57.685998200Z</date>
  <millis>1728806817685</millis>
  <nanos>998200</nanos>
  <sequence>25</sequence>
  <level>START</level>
  <class>com.kms.katalon.core.logging.XmlKeywordLogger</class>
  <method>startKeyword</method>
  <thread>1</thread>
  <message>Start action : verifyElementText(findTestObject(&amp;quot;Object Repository/Page_Online Shopping site in India Shop Onl_10c5f3/a_in&amp;quot;), &amp;quot;.in&amp;quot;)</message>
  <nestedLevel>1</nestedLevel>
  <escapedJava>false</escapedJava>
  <property name="startLine">24</property>
  <property name="stepIndex">3</property>
</record>
<record>
  <date>2024-10-13T08:06:58.732970400Z</date>
  <millis>1728806818732</millis>
  <nanos>970400</nanos>
  <sequence>33</sequence>
  <level>PASSED</level>
  <class>com.kms.katalon.core.logging.XmlKeywordLogger</class>
  <method>logMessage</method>
  <thread>1</thread>
  <message>Actual text and expected text of test object &amp;apos;Object Repository/Page_Online Shopping site in India Shop Onl_10c5f3/a_in&amp;apos; are matched.</message>
  <nestedLevel>1</nestedLevel>
  <escapedJava>false</escapedJava>
  <property name="testops-is-assertion">true</property>
  <property name="testops-method-name">com.kms.katalon.core.webui.keyword.builtin.VerifyElementTextKeyword.verifyElementText</property>
  <property name="testops-execution-stacktrace"></property>
</record>
<record>
  <date>2024-10-13T08:06:58.734964500Z</date>
  <millis>1728806818734</millis>
  <nanos>964500</nanos>
  <sequence>34</sequence>
  <level>END</level>
  <class>com.kms.katalon.core.logging.XmlKeywordLogger</class>
  <method>endKeyword</method>
  <thread>1</thread>
  <message>End action : verifyElementText(findTestObject(&amp;quot;Object Repository/Page_Online Shopping site in India Shop Onl_10c5f3/a_in&amp;quot;), &amp;quot;.in&amp;quot;)</message>
  <nestedLevel>1</nestedLevel>
  <escapedJava>false</escapedJava>
</record>
<record>
  <date>2024-10-13T08:06:58.735960600Z</date>
  <millis>1728806818735</millis>
  <nanos>960600</nanos>
  <sequence>35</sequence>
  <level>START</level>
  <class>com.kms.katalon.core.logging.XmlKeywordLogger</class>
  <method>startKeyword</method>
  <thread>1</thread>
  <message>Start action : closeBrowser()</message>
  <nestedLevel>1</nestedLevel>
  <escapedJava>false</escapedJava>
  <property name="startLine">26</property>
  <property name="stepIndex">4</property>
</record>
<record>
  <date>2024-10-13T08:06:58.832923Z</date>
  <millis>1728806818832</millis>
  <nanos>923000</nanos>
  <sequence>37</sequence>
  <level>PASSED</level>
  <class>com.kms.katalon.core.logging.XmlKeywordLogger</class>
  <method>logMessage</method>
  <thread>1</thread>
  <message>Browser is closed</message>
  <nestedLevel>1</nestedLevel>
  <escapedJava>false</escapedJava>
  <property name="testops-method-name">com.kms.katalon.core.webui.keyword.builtin.CloseBrowserKeyword.closeBrowser</property>
  <property name="testops-execution-stacktrace"></property>
</record>
<record>
  <date>2024-10-13T08:06:58.832923Z</date>
  <millis>1728806818832</millis>
  <nanos>923000</nanos>
  <sequence>38</sequence>
  <level>END</level>
  <class>com.kms.katalon.core.logging.XmlKeywordLogger</class>
  <method>endKeyword</method>
  <thread>1</thread>
  <message>End action : closeBrowser()</message>
  <nestedLevel>1</nestedLevel>
  <escapedJava>false</escapedJava>
</record>
<record>
  <date>2024-10-13T08:06:58.832923Z</date>
  <millis>1728806818832</millis>
  <nanos>923000</nanos>
  <sequence>39</sequence>
  <level>PASSED</level>
  <class>com.kms.katalon.core.logging.XmlKeywordLogger</class>
  <method>logMessage</method>
  <thread>1</thread>
  <message>Test Cases/Amzon</message>
  <nestedLevel>1</nestedLevel>
  <escapedJava>false</escapedJava>
</record>
<record>
  <date>2024-10-13T08:06:58.833919500Z</date>
  <millis>1728806818833</millis>
  <nanos>919500</nanos>
  <sequence>40</sequence>
  <level>END</level>
  <class>com.kms.katalon.core.logging.XmlKeywordLogger</class>
  <method>endTest</method>
  <thread>1</thread>
  <message>End Test Case : Test Cases/Amzon</message>
  <nestedLevel>0</nestedLevel>
  <escapedJava>false</escapedJava>
  <property name="executionBindingVariables">[]</property>
  <property name="applitools">false</property>
  <property name="remainingRetryCount">3</property>
  <property name="currentRetryCount">0</property>
  <property name="keywordsUsage">{
  &quot;web_ui&quot;: true,
  &quot;web_service&quot;: false,
  &quot;cucumber&quot;: false,
  &quot;builtin&quot;: false,
  &quot;mobile&quot;: false,
  &quot;windows&quot;: false,
  &quot;testng&quot;: false
}</property>
</record>
<record>
  <date>2024-10-13T08:06:58.836908400Z</date>
  <millis>1728806818836</millis>
  <nanos>908400</nanos>
  <sequence>41</sequence>
  <level>START</level>
  <class>com.kms.katalon.core.logging.XmlKeywordLogger</class>
  <method>startTest</method>
  <thread>1</thread>
  <message>Start Test Case : Test Cases/Youtube</message>
  <nestedLevel>1</nestedLevel>
  <escapedJava>false</escapedJava>
  <property name="remainingRetryCount">3</property>
  <property name="name">Test Cases/Youtube</property>
  <property name="description"></property>
  <property name="iteration"></property>
  <property name="id">Test Cases/Youtube</property>
  <property name="source">C:\Users\Rohit Roy\git\Katalon-Project\Test Cases\Youtube.tc</property>
  <property name="tag"></property>
  <property name="isOptional">false</property>
  <property name="currentRetryCount">0</property>
</record>
<record>
  <date>2024-10-13T08:06:58.867945700Z</date>
  <millis>1728806818867</millis>
  <nanos>945700</nanos>
  <sequence>43</sequence>
  <level>START</level>
  <class>com.kms.katalon.core.logging.XmlKeywordLogger</class>
  <method>startKeyword</method>
  <thread>1</thread>
  <message>Start action : openBrowser(&amp;quot;&amp;quot;)</message>
  <nestedLevel>1</nestedLevel>
  <escapedJava>false</escapedJava>
  <property name="startLine">20</property>
  <property name="stepIndex">1</property>
</record>
<record>
  <date>2024-10-13T08:06:58.870936Z</date>
  <millis>1728806818870</millis>
  <nanos>936000</nanos>
  <sequence>45</sequence>
  <level>INFO</level>
  <class>com.kms.katalon.core.logging.XmlKeywordLogger</class>
  <method>logMessage</method>
  <thread>1</thread>
  <message>Starting &amp;apos;Chrome&amp;apos; driver</message>
  <nestedLevel>1</nestedLevel>
  <escapedJava>false</escapedJava>
</record>
<record>
  <date>2024-10-13T08:06:58.872929400Z</date>
  <millis>1728806818872</millis>
  <nanos>929400</nanos>
  <sequence>47</sequence>
  <level>INFO</level>
  <class>com.kms.katalon.core.logging.XmlKeywordLogger</class>
  <method>logMessage</method>
  <thread>1</thread>
  <message>Action delay is set to 0 milliseconds</message>
  <nestedLevel>1</nestedLevel>
  <escapedJava>false</escapedJava>
</record>
<record>
  <date>2024-10-13T08:06:59.519482300Z</date>
  <millis>1728806819519</millis>
  <nanos>482300</nanos>
  <sequence>49</sequence>
  <level>RUN_DATA</level>
  <class>com.kms.katalon.core.logging.XmlKeywordLogger</class>
  <method>logMessage</method>
  <thread>1</thread>
  <message>sessionId = 7993150613a44352dd5d5a5fca60058f</message>
  <nestedLevel>1</nestedLevel>
  <escapedJava>false</escapedJava>
  <property name="sessionId">7993150613a44352dd5d5a5fca60058f</property>
</record>
<record>
  <date>2024-10-13T08:06:59.564333300Z</date>
  <millis>1728806819564</millis>
  <nanos>333300</nanos>
  <sequence>50</sequence>
  <level>RUN_DATA</level>
  <class>com.kms.katalon.core.logging.XmlKeywordLogger</class>
  <method>logMessage</method>
  <thread>1</thread>
  <message>browser = Chrome 130.0.0.0</message>
  <nestedLevel>1</nestedLevel>
  <escapedJava>false</escapedJava>
  <property name="browser">Chrome 130.0.0.0</property>
</record>
<record>
  <date>2024-10-13T08:06:59.565862300Z</date>
  <millis>1728806819565</millis>
  <nanos>862300</nanos>
  <sequence>51</sequence>
  <level>RUN_DATA</level>
  <class>com.kms.katalon.core.logging.XmlKeywordLogger</class>
  <method>logMessage</method>
  <thread>1</thread>
  <message>platform = Windows 11</message>
  <nestedLevel>1</nestedLevel>
  <escapedJava>false</escapedJava>
  <property name="platform">Windows 11</property>
</record>
<record>
  <date>2024-10-13T08:06:59.567857400Z</date>
  <millis>1728806819567</millis>
  <nanos>857400</nanos>
  <sequence>52</sequence>
  <level>RUN_DATA</level>
  <class>com.kms.katalon.core.logging.XmlKeywordLogger</class>
  <method>logMessage</method>
  <thread>1</thread>
  <message>seleniumVersion = 3.141.59</message>
  <nestedLevel>1</nestedLevel>
  <escapedJava>false</escapedJava>
  <property name="seleniumVersion">3.141.59</property>
</record>
<record>
  <date>2024-10-13T08:06:59.570844600Z</date>
  <millis>1728806819570</millis>
  <nanos>844600</nanos>
  <sequence>53</sequence>
  <level>RUN_DATA</level>
  <class>com.kms.katalon.core.logging.XmlKeywordLogger</class>
  <method>logMessage</method>
  <thread>1</thread>
  <message>proxyInformation = ProxyInformation { proxyOption=NO_PROXY, proxyServerType=HTTP, username=, password=********, proxyServerAddress=, proxyServerPort=0, executionList=&amp;quot;&amp;quot;, isApplyToDesiredCapabilities=true }</message>
  <nestedLevel>1</nestedLevel>
  <escapedJava>false</escapedJava>
  <property name="proxyInformation">ProxyInformation { proxyOption=NO_PROXY, proxyServerType=HTTP, username=, password=********, proxyServerAddress=, proxyServerPort=0, executionList=&quot;&quot;, isApplyToDesiredCapabilities=true }</property>
</record>
<record>
  <date>2024-10-13T08:06:59.591003400Z</date>
  <millis>1728806819591</millis>
  <nanos>3400</nanos>
  <sequence>54</sequence>
  <level>PASSED</level>
  <class>com.kms.katalon.core.logging.XmlKeywordLogger</class>
  <method>logMessage</method>
  <thread>1</thread>
  <message>Browser is opened with url: &amp;apos;&amp;apos;</message>
  <nestedLevel>1</nestedLevel>
  <escapedJava>false</escapedJava>
  <property name="testops-method-name">com.kms.katalon.core.webui.keyword.builtin.OpenBrowserKeyword.openBrowser</property>
  <property name="testops-execution-stacktrace"></property>
</record>
<record>
  <date>2024-10-13T08:06:59.596985200Z</date>
  <millis>1728806819596</millis>
  <nanos>985200</nanos>
  <sequence>55</sequence>
  <level>END</level>
  <class>com.kms.katalon.core.logging.XmlKeywordLogger</class>
  <method>endKeyword</method>
  <thread>1</thread>
  <message>End action : openBrowser(&amp;quot;&amp;quot;)</message>
  <nestedLevel>1</nestedLevel>
  <escapedJava>false</escapedJava>
</record>
<record>
  <date>2024-10-13T08:06:59.598979300Z</date>
  <millis>1728806819598</millis>
  <nanos>979300</nanos>
  <sequence>56</sequence>
  <level>START</level>
  <class>com.kms.katalon.core.logging.XmlKeywordLogger</class>
  <method>startKeyword</method>
  <thread>1</thread>
  <message>Start action : navigateToUrl(&amp;quot;https://www.youtube.com/&amp;quot;)</message>
  <nestedLevel>1</nestedLevel>
  <escapedJava>false</escapedJava>
  <property name="startLine">22</property>
  <property name="stepIndex">2</property>
</record>
<record>
  <date>2024-10-13T08:07:01.991774800Z</date>
  <millis>1728806821991</millis>
  <nanos>774800</nanos>
  <sequence>59</sequence>
  <level>PASSED</level>
  <class>com.kms.katalon.core.logging.XmlKeywordLogger</class>
  <method>logMessage</method>
  <thread>1</thread>
  <message>Navigate to &amp;apos;https://www.youtube.com/&amp;apos; successfully</message>
  <nestedLevel>1</nestedLevel>
  <escapedJava>false</escapedJava>
  <property name="testops-method-name">com.kms.katalon.core.webui.keyword.builtin.NavigateToUrlKeyword.navigateToUrl</property>
  <property name="testops-execution-stacktrace"></property>
</record>
<record>
  <date>2024-10-13T08:07:01.993770300Z</date>
  <millis>1728806821993</millis>
  <nanos>770300</nanos>
  <sequence>60</sequence>
  <level>END</level>
  <class>com.kms.katalon.core.logging.XmlKeywordLogger</class>
  <method>endKeyword</method>
  <thread>1</thread>
  <message>End action : navigateToUrl(&amp;quot;https://www.youtube.com/&amp;quot;)</message>
  <nestedLevel>1</nestedLevel>
  <escapedJava>false</escapedJava>
</record>
<record>
  <date>2024-10-13T08:07:01.993770300Z</date>
  <millis>1728806821993</millis>
  <nanos>770300</nanos>
  <sequence>61</sequence>
  <level>START</level>
  <class>com.kms.katalon.core.logging.XmlKeywordLogger</class>
  <method>startKeyword</method>
  <thread>1</thread>
  <message>Start action : verifyElementText(findTestObject(&amp;quot;Object Repository/Page_YouTube/div&amp;quot;), &amp;quot;&amp;quot;)</message>
  <nestedLevel>1</nestedLevel>
  <escapedJava>false</escapedJava>
  <property name="startLine">24</property>
  <property name="stepIndex">3</property>
</record>
<record>
  <date>2024-10-13T08:07:03.066421100Z</date>
  <millis>1728806823066</millis>
  <nanos>421100</nanos>
  <sequence>69</sequence>
  <level>PASSED</level>
  <class>com.kms.katalon.core.logging.XmlKeywordLogger</class>
  <method>logMessage</method>
  <thread>1</thread>
  <message>Actual text and expected text of test object &amp;apos;Object Repository/Page_YouTube/div&amp;apos; are matched.</message>
  <nestedLevel>1</nestedLevel>
  <escapedJava>false</escapedJava>
  <property name="testops-is-assertion">true</property>
  <property name="testops-method-name">com.kms.katalon.core.webui.keyword.builtin.VerifyElementTextKeyword.verifyElementText</property>
  <property name="testops-execution-stacktrace"></property>
</record>
<record>
  <date>2024-10-13T08:07:03.067417800Z</date>
  <millis>1728806823067</millis>
  <nanos>417800</nanos>
  <sequence>70</sequence>
  <level>END</level>
  <class>com.kms.katalon.core.logging.XmlKeywordLogger</class>
  <method>endKeyword</method>
  <thread>1</thread>
  <message>End action : verifyElementText(findTestObject(&amp;quot;Object Repository/Page_YouTube/div&amp;quot;), &amp;quot;&amp;quot;)</message>
  <nestedLevel>1</nestedLevel>
  <escapedJava>false</escapedJava>
</record>
<record>
  <date>2024-10-13T08:07:03.067417800Z</date>
  <millis>1728806823067</millis>
  <nanos>417800</nanos>
  <sequence>71</sequence>
  <level>START</level>
  <class>com.kms.katalon.core.logging.XmlKeywordLogger</class>
  <method>startKeyword</method>
  <thread>1</thread>
  <message>Start action : closeBrowser()</message>
  <nestedLevel>1</nestedLevel>
  <escapedJava>false</escapedJava>
  <property name="startLine">26</property>
  <property name="stepIndex">4</property>
</record>
<record>
  <date>2024-10-13T08:07:03.224080800Z</date>
  <millis>1728806823224</millis>
  <nanos>80800</nanos>
  <sequence>73</sequence>
  <level>PASSED</level>
  <class>com.kms.katalon.core.logging.XmlKeywordLogger</class>
  <method>logMessage</method>
  <thread>1</thread>
  <message>Browser is closed</message>
  <nestedLevel>1</nestedLevel>
  <escapedJava>false</escapedJava>
  <property name="testops-method-name">com.kms.katalon.core.webui.keyword.builtin.CloseBrowserKeyword.closeBrowser</property>
  <property name="testops-execution-stacktrace"></property>
</record>
<record>
  <date>2024-10-13T08:07:03.224080800Z</date>
  <millis>1728806823224</millis>
  <nanos>80800</nanos>
  <sequence>74</sequence>
  <level>END</level>
  <class>com.kms.katalon.core.logging.XmlKeywordLogger</class>
  <method>endKeyword</method>
  <thread>1</thread>
  <message>End action : closeBrowser()</message>
  <nestedLevel>1</nestedLevel>
  <escapedJava>false</escapedJava>
</record>
<record>
  <date>2024-10-13T08:07:03.225077600Z</date>
  <millis>1728806823225</millis>
  <nanos>77600</nanos>
  <sequence>75</sequence>
  <level>PASSED</level>
  <class>com.kms.katalon.core.logging.XmlKeywordLogger</class>
  <method>logMessage</method>
  <thread>1</thread>
  <message>Test Cases/Youtube</message>
  <nestedLevel>1</nestedLevel>
  <escapedJava>false</escapedJava>
</record>
<record>
  <date>2024-10-13T08:07:03.225077600Z</date>
  <millis>1728806823225</millis>
  <nanos>77600</nanos>
  <sequence>76</sequence>
  <level>END</level>
  <class>com.kms.katalon.core.logging.XmlKeywordLogger</class>
  <method>endTest</method>
  <thread>1</thread>
  <message>End Test Case : Test Cases/Youtube</message>
  <nestedLevel>0</nestedLevel>
  <escapedJava>false</escapedJava>
  <property name="executionBindingVariables">[]</property>
  <property name="applitools">false</property>
  <property name="remainingRetryCount">3</property>
  <property name="currentRetryCount">0</property>
  <property name="keywordsUsage">{
  &quot;web_ui&quot;: true,
  &quot;web_service&quot;: false,
  &quot;cucumber&quot;: false,
  &quot;builtin&quot;: false,
  &quot;mobile&quot;: false,
  &quot;windows&quot;: false,
  &quot;testng&quot;: false
}</property>
</record>
<record>
  <date>2024-10-13T08:07:03.227070900Z</date>
  <millis>1728806823227</millis>
  <nanos>70900</nanos>
  <sequence>77</sequence>
  <level>START</level>
  <class>com.kms.katalon.core.logging.XmlKeywordLogger</class>
  <method>startTest</method>
  <thread>1</thread>
  <message>Start Test Case : Test Cases/goibibo</message>
  <nestedLevel>1</nestedLevel>
  <escapedJava>false</escapedJava>
  <property name="remainingRetryCount">3</property>
  <property name="name">Test Cases/goibibo</property>
  <property name="description"></property>
  <property name="iteration"></property>
  <property name="id">Test Cases/goibibo</property>
  <property name="source">C:\Users\Rohit Roy\git\Katalon-Project\Test Cases\goibibo.tc</property>
  <property name="tag"></property>
  <property name="isOptional">false</property>
  <property name="currentRetryCount">0</property>
</record>
<record>
  <date>2024-10-13T08:07:03.257721300Z</date>
  <millis>1728806823257</millis>
  <nanos>721300</nanos>
  <sequence>79</sequence>
  <level>START</level>
  <class>com.kms.katalon.core.logging.XmlKeywordLogger</class>
  <method>startKeyword</method>
  <thread>1</thread>
  <message>Start action : openBrowser(&amp;quot;&amp;quot;)</message>
  <nestedLevel>1</nestedLevel>
  <escapedJava>false</escapedJava>
  <property name="startLine">20</property>
  <property name="stepIndex">1</property>
</record>
<record>
  <date>2024-10-13T08:07:03.259714200Z</date>
  <millis>1728806823259</millis>
  <nanos>714200</nanos>
  <sequence>81</sequence>
  <level>INFO</level>
  <class>com.kms.katalon.core.logging.XmlKeywordLogger</class>
  <method>logMessage</method>
  <thread>1</thread>
  <message>Starting &amp;apos;Chrome&amp;apos; driver</message>
  <nestedLevel>1</nestedLevel>
  <escapedJava>false</escapedJava>
</record>
<record>
  <date>2024-10-13T08:07:03.261707700Z</date>
  <millis>1728806823261</millis>
  <nanos>707700</nanos>
  <sequence>83</sequence>
  <level>INFO</level>
  <class>com.kms.katalon.core.logging.XmlKeywordLogger</class>
  <method>logMessage</method>
  <thread>1</thread>
  <message>Action delay is set to 0 milliseconds</message>
  <nestedLevel>1</nestedLevel>
  <escapedJava>false</escapedJava>
</record>
<record>
  <date>2024-10-13T08:07:03.753359200Z</date>
  <millis>1728806823753</millis>
  <nanos>359200</nanos>
  <sequence>85</sequence>
  <level>RUN_DATA</level>
  <class>com.kms.katalon.core.logging.XmlKeywordLogger</class>
  <method>logMessage</method>
  <thread>1</thread>
  <message>sessionId = 4e6db419c562a17779101666b204bf83</message>
  <nestedLevel>1</nestedLevel>
  <escapedJava>false</escapedJava>
  <property name="sessionId">4e6db419c562a17779101666b204bf83</property>
</record>
<record>
  <date>2024-10-13T08:07:03.760335900Z</date>
  <millis>1728806823760</millis>
  <nanos>335900</nanos>
  <sequence>86</sequence>
  <level>RUN_DATA</level>
  <class>com.kms.katalon.core.logging.XmlKeywordLogger</class>
  <method>logMessage</method>
  <thread>1</thread>
  <message>browser = Chrome 130.0.0.0</message>
  <nestedLevel>1</nestedLevel>
  <escapedJava>false</escapedJava>
  <property name="browser">Chrome 130.0.0.0</property>
</record>
<record>
  <date>2024-10-13T08:07:03.760335900Z</date>
  <millis>1728806823760</millis>
  <nanos>335900</nanos>
  <sequence>87</sequence>
  <level>RUN_DATA</level>
  <class>com.kms.katalon.core.logging.XmlKeywordLogger</class>
  <method>logMessage</method>
  <thread>1</thread>
  <message>platform = Windows 11</message>
  <nestedLevel>1</nestedLevel>
  <escapedJava>false</escapedJava>
  <property name="platform">Windows 11</property>
</record>
<record>
  <date>2024-10-13T08:07:03.760335900Z</date>
  <millis>1728806823760</millis>
  <nanos>335900</nanos>
  <sequence>88</sequence>
  <level>RUN_DATA</level>
  <class>com.kms.katalon.core.logging.XmlKeywordLogger</class>
  <method>logMessage</method>
  <thread>1</thread>
  <message>seleniumVersion = 3.141.59</message>
  <nestedLevel>1</nestedLevel>
  <escapedJava>false</escapedJava>
  <property name="seleniumVersion">3.141.59</property>
</record>
<record>
  <date>2024-10-13T08:07:03.761332Z</date>
  <millis>1728806823761</millis>
  <nanos>332000</nanos>
  <sequence>89</sequence>
  <level>RUN_DATA</level>
  <class>com.kms.katalon.core.logging.XmlKeywordLogger</class>
  <method>logMessage</method>
  <thread>1</thread>
  <message>proxyInformation = ProxyInformation { proxyOption=NO_PROXY, proxyServerType=HTTP, username=, password=********, proxyServerAddress=, proxyServerPort=0, executionList=&amp;quot;&amp;quot;, isApplyToDesiredCapabilities=true }</message>
  <nestedLevel>1</nestedLevel>
  <escapedJava>false</escapedJava>
  <property name="proxyInformation">ProxyInformation { proxyOption=NO_PROXY, proxyServerType=HTTP, username=, password=********, proxyServerAddress=, proxyServerPort=0, executionList=&quot;&quot;, isApplyToDesiredCapabilities=true }</property>
</record>
<record>
  <date>2024-10-13T08:07:03.765319Z</date>
  <millis>1728806823765</millis>
  <nanos>319000</nanos>
  <sequence>90</sequence>
  <level>PASSED</level>
  <class>com.kms.katalon.core.logging.XmlKeywordLogger</class>
  <method>logMessage</method>
  <thread>1</thread>
  <message>Browser is opened with url: &amp;apos;&amp;apos;</message>
  <nestedLevel>1</nestedLevel>
  <escapedJava>false</escapedJava>
  <property name="testops-method-name">com.kms.katalon.core.webui.keyword.builtin.OpenBrowserKeyword.openBrowser</property>
  <property name="testops-execution-stacktrace"></property>
</record>
<record>
  <date>2024-10-13T08:07:03.765319Z</date>
  <millis>1728806823765</millis>
  <nanos>319000</nanos>
  <sequence>91</sequence>
  <level>END</level>
  <class>com.kms.katalon.core.logging.XmlKeywordLogger</class>
  <method>endKeyword</method>
  <thread>1</thread>
  <message>End action : openBrowser(&amp;quot;&amp;quot;)</message>
  <nestedLevel>1</nestedLevel>
  <escapedJava>false</escapedJava>
</record>
<record>
  <date>2024-10-13T08:07:03.766315200Z</date>
  <millis>1728806823766</millis>
  <nanos>315200</nanos>
  <sequence>92</sequence>
  <level>START</level>
  <class>com.kms.katalon.core.logging.XmlKeywordLogger</class>
  <method>startKeyword</method>
  <thread>1</thread>
  <message>Start action : navigateToUrl(&amp;quot;https://www.goibibo.com/&amp;quot;)</message>
  <nestedLevel>1</nestedLevel>
  <escapedJava>false</escapedJava>
  <property name="startLine">22</property>
  <property name="stepIndex">2</property>
</record>
<record>
  <date>2024-10-13T08:07:06.613646Z</date>
  <millis>1728806826613</millis>
  <nanos>646000</nanos>
  <sequence>95</sequence>
  <level>PASSED</level>
  <class>com.kms.katalon.core.logging.XmlKeywordLogger</class>
  <method>logMessage</method>
  <thread>1</thread>
  <message>Navigate to &amp;apos;https://www.goibibo.com/&amp;apos; successfully</message>
  <nestedLevel>1</nestedLevel>
  <escapedJava>false</escapedJava>
  <property name="testops-method-name">com.kms.katalon.core.webui.keyword.builtin.NavigateToUrlKeyword.navigateToUrl</property>
  <property name="testops-execution-stacktrace"></property>
</record>
<record>
  <date>2024-10-13T08:07:06.618630700Z</date>
  <millis>1728806826618</millis>
  <nanos>630700</nanos>
  <sequence>96</sequence>
  <level>END</level>
  <class>com.kms.katalon.core.logging.XmlKeywordLogger</class>
  <method>endKeyword</method>
  <thread>1</thread>
  <message>End action : navigateToUrl(&amp;quot;https://www.goibibo.com/&amp;quot;)</message>
  <nestedLevel>1</nestedLevel>
  <escapedJava>false</escapedJava>
</record>
<record>
  <date>2024-10-13T08:07:06.619622200Z</date>
  <millis>1728806826619</millis>
  <nanos>622200</nanos>
  <sequence>97</sequence>
  <level>START</level>
  <class>com.kms.katalon.core.logging.XmlKeywordLogger</class>
  <method>startKeyword</method>
  <thread>1</thread>
  <message>Start action : click(findTestObject(&amp;quot;Object Repository/Page_Goibibo - Best Travel Website. Book Ho_c2e78c/span_Daily Steal Deals  Special Discounts_l_c0692f&amp;quot;))</message>
  <nestedLevel>1</nestedLevel>
  <escapedJava>false</escapedJava>
  <property name="startLine">24</property>
  <property name="stepIndex">3</property>
</record>
<record>
  <date>2024-10-13T08:07:08.259958800Z</date>
  <millis>1728806828259</millis>
  <nanos>958800</nanos>
  <sequence>107</sequence>
  <level>PASSED</level>
  <class>com.kms.katalon.core.logging.XmlKeywordLogger</class>
  <method>logMessage</method>
  <thread>1</thread>
  <message>Object: &amp;apos;Object Repository/Page_Goibibo - Best Travel Website. Book Ho_c2e78c/span_Daily Steal Deals  Special Discounts_l_c0692f&amp;apos; is clicked on</message>
  <nestedLevel>1</nestedLevel>
  <escapedJava>false</escapedJava>
  <property name="testops-method-name">com.kms.katalon.core.webui.keyword.builtin.ClickKeyword.click</property>
  <property name="testops-execution-stacktrace"></property>
</record>
<record>
  <date>2024-10-13T08:07:08.261951100Z</date>
  <millis>1728806828261</millis>
  <nanos>951100</nanos>
  <sequence>108</sequence>
  <level>END</level>
  <class>com.kms.katalon.core.logging.XmlKeywordLogger</class>
  <method>endKeyword</method>
  <thread>1</thread>
  <message>End action : click(findTestObject(&amp;quot;Object Repository/Page_Goibibo - Best Travel Website. Book Ho_c2e78c/span_Daily Steal Deals  Special Discounts_l_c0692f&amp;quot;))</message>
  <nestedLevel>1</nestedLevel>
  <escapedJava>false</escapedJava>
</record>
<record>
  <date>2024-10-13T08:07:08.261951100Z</date>
  <millis>1728806828261</millis>
  <nanos>951100</nanos>
  <sequence>109</sequence>
  <level>START</level>
  <class>com.kms.katalon.core.logging.XmlKeywordLogger</class>
  <method>startKeyword</method>
  <thread>1</thread>
  <message>Start action : closeBrowser()</message>
  <nestedLevel>1</nestedLevel>
  <escapedJava>false</escapedJava>
  <property name="startLine">26</property>
  <property name="stepIndex">4</property>
</record>
<record>
  <date>2024-10-13T08:07:08.438968900Z</date>
  <millis>1728806828438</millis>
  <nanos>968900</nanos>
  <sequence>111</sequence>
  <level>PASSED</level>
  <class>com.kms.katalon.core.logging.XmlKeywordLogger</class>
  <method>logMessage</method>
  <thread>1</thread>
  <message>Browser is closed</message>
  <nestedLevel>1</nestedLevel>
  <escapedJava>false</escapedJava>
  <property name="testops-method-name">com.kms.katalon.core.webui.keyword.builtin.CloseBrowserKeyword.closeBrowser</property>
  <property name="testops-execution-stacktrace"></property>
</record>
<record>
  <date>2024-10-13T08:07:08.438968900Z</date>
  <millis>1728806828438</millis>
  <nanos>968900</nanos>
  <sequence>112</sequence>
  <level>END</level>
  <class>com.kms.katalon.core.logging.XmlKeywordLogger</class>
  <method>endKeyword</method>
  <thread>1</thread>
  <message>End action : closeBrowser()</message>
  <nestedLevel>1</nestedLevel>
  <escapedJava>false</escapedJava>
</record>
<record>
  <date>2024-10-13T08:07:08.439965300Z</date>
  <millis>1728806828439</millis>
  <nanos>965300</nanos>
  <sequence>113</sequence>
  <level>PASSED</level>
  <class>com.kms.katalon.core.logging.XmlKeywordLogger</class>
  <method>logMessage</method>
  <thread>1</thread>
  <message>Test Cases/goibibo</message>
  <nestedLevel>1</nestedLevel>
  <escapedJava>false</escapedJava>
</record>
<record>
  <date>2024-10-13T08:07:08.440961900Z</date>
  <millis>1728806828440</millis>
  <nanos>961900</nanos>
  <sequence>114</sequence>
  <level>END</level>
  <class>com.kms.katalon.core.logging.XmlKeywordLogger</class>
  <method>endTest</method>
  <thread>1</thread>
  <message>End Test Case : Test Cases/goibibo</message>
  <nestedLevel>0</nestedLevel>
  <escapedJava>false</escapedJava>
  <property name="executionBindingVariables">[]</property>
  <property name="applitools">false</property>
  <property name="remainingRetryCount">3</property>
  <property name="currentRetryCount">0</property>
  <property name="keywordsUsage">{
  &quot;web_ui&quot;: true,
  &quot;web_service&quot;: false,
  &quot;cucumber&quot;: false,
  &quot;builtin&quot;: false,
  &quot;mobile&quot;: false,
  &quot;windows&quot;: false,
  &quot;testng&quot;: false
}</property>
</record>
<record>
  <date>2024-10-13T08:07:08.446941500Z</date>
  <millis>1728806828446</millis>
  <nanos>941500</nanos>
  <sequence>115</sequence>
  <level>START</level>
  <class>com.kms.katalon.core.logging.XmlKeywordLogger</class>
  <method>startTest</method>
  <thread>1</thread>
  <message>Start Test Case : Test Cases/railyatri</message>
  <nestedLevel>1</nestedLevel>
  <escapedJava>false</escapedJava>
  <property name="remainingRetryCount">3</property>
  <property name="name">Test Cases/railyatri</property>
  <property name="description"></property>
  <property name="iteration"></property>
  <property name="id">Test Cases/railyatri</property>
  <property name="source">C:\Users\Rohit Roy\git\Katalon-Project\Test Cases\railyatri.tc</property>
  <property name="tag"></property>
  <property name="isOptional">false</property>
  <property name="currentRetryCount">0</property>
</record>
<record>
  <date>2024-10-13T08:07:08.491042800Z</date>
  <millis>1728806828491</millis>
  <nanos>42800</nanos>
  <sequence>117</sequence>
  <level>START</level>
  <class>com.kms.katalon.core.logging.XmlKeywordLogger</class>
  <method>startKeyword</method>
  <thread>1</thread>
  <message>Start action : openBrowser(&amp;quot;&amp;quot;)</message>
  <nestedLevel>1</nestedLevel>
  <escapedJava>false</escapedJava>
  <property name="startLine">20</property>
  <property name="stepIndex">1</property>
</record>
<record>
  <date>2024-10-13T08:07:08.495034900Z</date>
  <millis>1728806828495</millis>
  <nanos>34900</nanos>
  <sequence>119</sequence>
  <level>INFO</level>
  <class>com.kms.katalon.core.logging.XmlKeywordLogger</class>
  <method>logMessage</method>
  <thread>1</thread>
  <message>Starting &amp;apos;Chrome&amp;apos; driver</message>
  <nestedLevel>1</nestedLevel>
  <escapedJava>false</escapedJava>
</record>
<record>
  <date>2024-10-13T08:07:08.496026Z</date>
  <millis>1728806828496</millis>
  <nanos>26000</nanos>
  <sequence>121</sequence>
  <level>INFO</level>
  <class>com.kms.katalon.core.logging.XmlKeywordLogger</class>
  <method>logMessage</method>
  <thread>1</thread>
  <message>Action delay is set to 0 milliseconds</message>
  <nestedLevel>1</nestedLevel>
  <escapedJava>false</escapedJava>
</record>
<record>
  <date>2024-10-13T08:07:09.227800200Z</date>
  <millis>1728806829227</millis>
  <nanos>800200</nanos>
  <sequence>123</sequence>
  <level>RUN_DATA</level>
  <class>com.kms.katalon.core.logging.XmlKeywordLogger</class>
  <method>logMessage</method>
  <thread>1</thread>
  <message>sessionId = 08baee6f3c4d060a81cc04f95a8010fe</message>
  <nestedLevel>1</nestedLevel>
  <escapedJava>false</escapedJava>
  <property name="sessionId">08baee6f3c4d060a81cc04f95a8010fe</property>
</record>
<record>
  <date>2024-10-13T08:07:09.241751500Z</date>
  <millis>1728806829241</millis>
  <nanos>751500</nanos>
  <sequence>124</sequence>
  <level>RUN_DATA</level>
  <class>com.kms.katalon.core.logging.XmlKeywordLogger</class>
  <method>logMessage</method>
  <thread>1</thread>
  <message>browser = Chrome 130.0.0.0</message>
  <nestedLevel>1</nestedLevel>
  <escapedJava>false</escapedJava>
  <property name="browser">Chrome 130.0.0.0</property>
</record>
<record>
  <date>2024-10-13T08:07:09.242691700Z</date>
  <millis>1728806829242</millis>
  <nanos>691700</nanos>
  <sequence>125</sequence>
  <level>RUN_DATA</level>
  <class>com.kms.katalon.core.logging.XmlKeywordLogger</class>
  <method>logMessage</method>
  <thread>1</thread>
  <message>platform = Windows 11</message>
  <nestedLevel>1</nestedLevel>
  <escapedJava>false</escapedJava>
  <property name="platform">Windows 11</property>
</record>
<record>
  <date>2024-10-13T08:07:09.242691700Z</date>
  <millis>1728806829242</millis>
  <nanos>691700</nanos>
  <sequence>126</sequence>
  <level>RUN_DATA</level>
  <class>com.kms.katalon.core.logging.XmlKeywordLogger</class>
  <method>logMessage</method>
  <thread>1</thread>
  <message>seleniumVersion = 3.141.59</message>
  <nestedLevel>1</nestedLevel>
  <escapedJava>false</escapedJava>
  <property name="seleniumVersion">3.141.59</property>
</record>
<record>
  <date>2024-10-13T08:07:09.243712200Z</date>
  <millis>1728806829243</millis>
  <nanos>712200</nanos>
  <sequence>127</sequence>
  <level>RUN_DATA</level>
  <class>com.kms.katalon.core.logging.XmlKeywordLogger</class>
  <method>logMessage</method>
  <thread>1</thread>
  <message>proxyInformation = ProxyInformation { proxyOption=NO_PROXY, proxyServerType=HTTP, username=, password=********, proxyServerAddress=, proxyServerPort=0, executionList=&amp;quot;&amp;quot;, isApplyToDesiredCapabilities=true }</message>
  <nestedLevel>1</nestedLevel>
  <escapedJava>false</escapedJava>
  <property name="proxyInformation">ProxyInformation { proxyOption=NO_PROXY, proxyServerType=HTTP, username=, password=********, proxyServerAddress=, proxyServerPort=0, executionList=&quot;&quot;, isApplyToDesiredCapabilities=true }</property>
</record>
<record>
  <date>2024-10-13T08:07:09.247697900Z</date>
  <millis>1728806829247</millis>
  <nanos>697900</nanos>
  <sequence>128</sequence>
  <level>PASSED</level>
  <class>com.kms.katalon.core.logging.XmlKeywordLogger</class>
  <method>logMessage</method>
  <thread>1</thread>
  <message>Browser is opened with url: &amp;apos;&amp;apos;</message>
  <nestedLevel>1</nestedLevel>
  <escapedJava>false</escapedJava>
  <property name="testops-method-name">com.kms.katalon.core.webui.keyword.builtin.OpenBrowserKeyword.openBrowser</property>
  <property name="testops-execution-stacktrace"></property>
</record>
<record>
  <date>2024-10-13T08:07:09.248694600Z</date>
  <millis>1728806829248</millis>
  <nanos>694600</nanos>
  <sequence>129</sequence>
  <level>END</level>
  <class>com.kms.katalon.core.logging.XmlKeywordLogger</class>
  <method>endKeyword</method>
  <thread>1</thread>
  <message>End action : openBrowser(&amp;quot;&amp;quot;)</message>
  <nestedLevel>1</nestedLevel>
  <escapedJava>false</escapedJava>
</record>
<record>
  <date>2024-10-13T08:07:09.249691700Z</date>
  <millis>1728806829249</millis>
  <nanos>691700</nanos>
  <sequence>130</sequence>
  <level>START</level>
  <class>com.kms.katalon.core.logging.XmlKeywordLogger</class>
  <method>startKeyword</method>
  <thread>1</thread>
  <message>Start action : navigateToUrl(&amp;quot;https://www.railyatri.in/&amp;quot;)</message>
  <nestedLevel>1</nestedLevel>
  <escapedJava>false</escapedJava>
  <property name="startLine">22</property>
  <property name="stepIndex">2</property>
</record>
<record>
  <date>2024-10-13T08:07:11.261603800Z</date>
  <millis>1728806831261</millis>
  <nanos>603800</nanos>
  <sequence>133</sequence>
  <level>PASSED</level>
  <class>com.kms.katalon.core.logging.XmlKeywordLogger</class>
  <method>logMessage</method>
  <thread>1</thread>
  <message>Navigate to &amp;apos;https://www.railyatri.in/&amp;apos; successfully</message>
  <nestedLevel>1</nestedLevel>
  <escapedJava>false</escapedJava>
  <property name="testops-method-name">com.kms.katalon.core.webui.keyword.builtin.NavigateToUrlKeyword.navigateToUrl</property>
  <property name="testops-execution-stacktrace"></property>
</record>
<record>
  <date>2024-10-13T08:07:11.262600700Z</date>
  <millis>1728806831262</millis>
  <nanos>600700</nanos>
  <sequence>134</sequence>
  <level>END</level>
  <class>com.kms.katalon.core.logging.XmlKeywordLogger</class>
  <method>endKeyword</method>
  <thread>1</thread>
  <message>End action : navigateToUrl(&amp;quot;https://www.railyatri.in/&amp;quot;)</message>
  <nestedLevel>1</nestedLevel>
  <escapedJava>false</escapedJava>
</record>
<record>
  <date>2024-10-13T08:07:11.263597300Z</date>
  <millis>1728806831263</millis>
  <nanos>597300</nanos>
  <sequence>135</sequence>
  <level>START</level>
  <class>com.kms.katalon.core.logging.XmlKeywordLogger</class>
  <method>startKeyword</method>
  <thread>1</thread>
  <message>Start action : closeBrowser()</message>
  <nestedLevel>1</nestedLevel>
  <escapedJava>false</escapedJava>
  <property name="startLine">24</property>
  <property name="stepIndex">3</property>
</record>
<record>
  <date>2024-10-13T08:07:11.345438300Z</date>
  <millis>1728806831345</millis>
  <nanos>438300</nanos>
  <sequence>137</sequence>
  <level>PASSED</level>
  <class>com.kms.katalon.core.logging.XmlKeywordLogger</class>
  <method>logMessage</method>
  <thread>1</thread>
  <message>Browser is closed</message>
  <nestedLevel>1</nestedLevel>
  <escapedJava>false</escapedJava>
  <property name="testops-method-name">com.kms.katalon.core.webui.keyword.builtin.CloseBrowserKeyword.closeBrowser</property>
  <property name="testops-execution-stacktrace"></property>
</record>
<record>
  <date>2024-10-13T08:07:11.346436500Z</date>
  <millis>1728806831346</millis>
  <nanos>436500</nanos>
  <sequence>138</sequence>
  <level>END</level>
  <class>com.kms.katalon.core.logging.XmlKeywordLogger</class>
  <method>endKeyword</method>
  <thread>1</thread>
  <message>End action : closeBrowser()</message>
  <nestedLevel>1</nestedLevel>
  <escapedJava>false</escapedJava>
</record>
<record>
  <date>2024-10-13T08:07:11.347427700Z</date>
  <millis>1728806831347</millis>
  <nanos>427700</nanos>
  <sequence>139</sequence>
  <level>PASSED</level>
  <class>com.kms.katalon.core.logging.XmlKeywordLogger</class>
  <method>logMessage</method>
  <thread>1</thread>
  <message>Test Cases/railyatri</message>
  <nestedLevel>1</nestedLevel>
  <escapedJava>false</escapedJava>
</record>
<record>
  <date>2024-10-13T08:07:11.348424500Z</date>
  <millis>1728806831348</millis>
  <nanos>424500</nanos>
  <sequence>140</sequence>
  <level>END</level>
  <class>com.kms.katalon.core.logging.XmlKeywordLogger</class>
  <method>endTest</method>
  <thread>1</thread>
  <message>End Test Case : Test Cases/railyatri</message>
  <nestedLevel>0</nestedLevel>
  <escapedJava>false</escapedJava>
  <property name="executionBindingVariables">[]</property>
  <property name="applitools">false</property>
  <property name="remainingRetryCount">3</property>
  <property name="currentRetryCount">0</property>
  <property name="keywordsUsage">{
  &quot;web_ui&quot;: true,
  &quot;web_service&quot;: false,
  &quot;cucumber&quot;: false,
  &quot;builtin&quot;: false,
  &quot;mobile&quot;: false,
  &quot;windows&quot;: false,
  &quot;testng&quot;: false
}</property>
</record>
<record>
  <date>2024-10-13T08:07:11.351414700Z</date>
  <millis>1728806831351</millis>
  <nanos>414700</nanos>
  <sequence>141</sequence>
  <level>START</level>
  <class>com.kms.katalon.core.logging.XmlKeywordLogger</class>
  <method>startTest</method>
  <thread>1</thread>
  <message>Start Test Case : Test Cases/shopify</message>
  <nestedLevel>1</nestedLevel>
  <escapedJava>false</escapedJava>
  <property name="remainingRetryCount">3</property>
  <property name="name">Test Cases/shopify</property>
  <property name="description"></property>
  <property name="iteration"></property>
  <property name="id">Test Cases/shopify</property>
  <property name="source">C:\Users\Rohit Roy\git\Katalon-Project\Test Cases\shopify.tc</property>
  <property name="tag"></property>
  <property name="isOptional">false</property>
  <property name="currentRetryCount">0</property>
</record>
<record>
  <date>2024-10-13T08:07:11.428159500Z</date>
  <millis>1728806831428</millis>
  <nanos>159500</nanos>
  <sequence>143</sequence>
  <level>START</level>
  <class>com.kms.katalon.core.logging.XmlKeywordLogger</class>
  <method>startKeyword</method>
  <thread>1</thread>
  <message>Start action : openBrowser(&amp;quot;&amp;quot;)</message>
  <nestedLevel>1</nestedLevel>
  <escapedJava>false</escapedJava>
  <property name="startLine">20</property>
  <property name="stepIndex">1</property>
</record>
<record>
  <date>2024-10-13T08:07:11.432143200Z</date>
  <millis>1728806831432</millis>
  <nanos>143200</nanos>
  <sequence>145</sequence>
  <level>INFO</level>
  <class>com.kms.katalon.core.logging.XmlKeywordLogger</class>
  <method>logMessage</method>
  <thread>1</thread>
  <message>Starting &amp;apos;Chrome&amp;apos; driver</message>
  <nestedLevel>1</nestedLevel>
  <escapedJava>false</escapedJava>
</record>
<record>
  <date>2024-10-13T08:07:11.434139Z</date>
  <millis>1728806831434</millis>
  <nanos>139000</nanos>
  <sequence>147</sequence>
  <level>INFO</level>
  <class>com.kms.katalon.core.logging.XmlKeywordLogger</class>
  <method>logMessage</method>
  <thread>1</thread>
  <message>Action delay is set to 0 milliseconds</message>
  <nestedLevel>1</nestedLevel>
  <escapedJava>false</escapedJava>
</record>
<record>
  <date>2024-10-13T08:07:12.061158600Z</date>
  <millis>1728806832061</millis>
  <nanos>158600</nanos>
  <sequence>149</sequence>
  <level>RUN_DATA</level>
  <class>com.kms.katalon.core.logging.XmlKeywordLogger</class>
  <method>logMessage</method>
  <thread>1</thread>
  <message>sessionId = a2378a3972e5e3015e2451ae91941d82</message>
  <nestedLevel>1</nestedLevel>
  <escapedJava>false</escapedJava>
  <property name="sessionId">a2378a3972e5e3015e2451ae91941d82</property>
</record>
<record>
  <date>2024-10-13T08:07:12.071118900Z</date>
  <millis>1728806832071</millis>
  <nanos>118900</nanos>
  <sequence>150</sequence>
  <level>RUN_DATA</level>
  <class>com.kms.katalon.core.logging.XmlKeywordLogger</class>
  <method>logMessage</method>
  <thread>1</thread>
  <message>browser = Chrome 130.0.0.0</message>
  <nestedLevel>1</nestedLevel>
  <escapedJava>false</escapedJava>
  <property name="browser">Chrome 130.0.0.0</property>
</record>
<record>
  <date>2024-10-13T08:07:12.072117700Z</date>
  <millis>1728806832072</millis>
  <nanos>117700</nanos>
  <sequence>151</sequence>
  <level>RUN_DATA</level>
  <class>com.kms.katalon.core.logging.XmlKeywordLogger</class>
  <method>logMessage</method>
  <thread>1</thread>
  <message>platform = Windows 11</message>
  <nestedLevel>1</nestedLevel>
  <escapedJava>false</escapedJava>
  <property name="platform">Windows 11</property>
</record>
<record>
  <date>2024-10-13T08:07:12.072117700Z</date>
  <millis>1728806832072</millis>
  <nanos>117700</nanos>
  <sequence>152</sequence>
  <level>RUN_DATA</level>
  <class>com.kms.katalon.core.logging.XmlKeywordLogger</class>
  <method>logMessage</method>
  <thread>1</thread>
  <message>seleniumVersion = 3.141.59</message>
  <nestedLevel>1</nestedLevel>
  <escapedJava>false</escapedJava>
  <property name="seleniumVersion">3.141.59</property>
</record>
<record>
  <date>2024-10-13T08:07:12.073112500Z</date>
  <millis>1728806832073</millis>
  <nanos>112500</nanos>
  <sequence>153</sequence>
  <level>RUN_DATA</level>
  <class>com.kms.katalon.core.logging.XmlKeywordLogger</class>
  <method>logMessage</method>
  <thread>1</thread>
  <message>proxyInformation = ProxyInformation { proxyOption=NO_PROXY, proxyServerType=HTTP, username=, password=********, proxyServerAddress=, proxyServerPort=0, executionList=&amp;quot;&amp;quot;, isApplyToDesiredCapabilities=true }</message>
  <nestedLevel>1</nestedLevel>
  <escapedJava>false</escapedJava>
  <property name="proxyInformation">ProxyInformation { proxyOption=NO_PROXY, proxyServerType=HTTP, username=, password=********, proxyServerAddress=, proxyServerPort=0, executionList=&quot;&quot;, isApplyToDesiredCapabilities=true }</property>
</record>
<record>
  <date>2024-10-13T08:07:12.076103200Z</date>
  <millis>1728806832076</millis>
  <nanos>103200</nanos>
  <sequence>154</sequence>
  <level>PASSED</level>
  <class>com.kms.katalon.core.logging.XmlKeywordLogger</class>
  <method>logMessage</method>
  <thread>1</thread>
  <message>Browser is opened with url: &amp;apos;&amp;apos;</message>
  <nestedLevel>1</nestedLevel>
  <escapedJava>false</escapedJava>
  <property name="testops-method-name">com.kms.katalon.core.webui.keyword.builtin.OpenBrowserKeyword.openBrowser</property>
  <property name="testops-execution-stacktrace"></property>
</record>
<record>
  <date>2024-10-13T08:07:12.076103200Z</date>
  <millis>1728806832076</millis>
  <nanos>103200</nanos>
  <sequence>155</sequence>
  <level>END</level>
  <class>com.kms.katalon.core.logging.XmlKeywordLogger</class>
  <method>endKeyword</method>
  <thread>1</thread>
  <message>End action : openBrowser(&amp;quot;&amp;quot;)</message>
  <nestedLevel>1</nestedLevel>
  <escapedJava>false</escapedJava>
</record>
<record>
  <date>2024-10-13T08:07:12.080497400Z</date>
  <millis>1728806832080</millis>
  <nanos>497400</nanos>
  <sequence>156</sequence>
  <level>START</level>
  <class>com.kms.katalon.core.logging.XmlKeywordLogger</class>
  <method>startKeyword</method>
  <thread>1</thread>
  <message>Start action : navigateToUrl(&amp;quot;https://www.shopify.com/in&amp;quot;)</message>
  <nestedLevel>1</nestedLevel>
  <escapedJava>false</escapedJava>
  <property name="startLine">22</property>
  <property name="stepIndex">2</property>
</record>
<record>
  <date>2024-10-13T08:07:12.669745500Z</date>
  <millis>1728806832669</millis>
  <nanos>745500</nanos>
  <sequence>159</sequence>
  <level>PASSED</level>
  <class>com.kms.katalon.core.logging.XmlKeywordLogger</class>
  <method>logMessage</method>
  <thread>1</thread>
  <message>Navigate to &amp;apos;https://www.shopify.com/in&amp;apos; successfully</message>
  <nestedLevel>1</nestedLevel>
  <escapedJava>false</escapedJava>
  <property name="testops-method-name">com.kms.katalon.core.webui.keyword.builtin.NavigateToUrlKeyword.navigateToUrl</property>
  <property name="testops-execution-stacktrace"></property>
</record>
<record>
  <date>2024-10-13T08:07:12.671737100Z</date>
  <millis>1728806832671</millis>
  <nanos>737100</nanos>
  <sequence>160</sequence>
  <level>END</level>
  <class>com.kms.katalon.core.logging.XmlKeywordLogger</class>
  <method>endKeyword</method>
  <thread>1</thread>
  <message>End action : navigateToUrl(&amp;quot;https://www.shopify.com/in&amp;quot;)</message>
  <nestedLevel>1</nestedLevel>
  <escapedJava>false</escapedJava>
</record>
<record>
  <date>2024-10-13T08:07:12.672734200Z</date>
  <millis>1728806832672</millis>
  <nanos>734200</nanos>
  <sequence>161</sequence>
  <level>START</level>
  <class>com.kms.katalon.core.logging.XmlKeywordLogger</class>
  <method>startKeyword</method>
  <thread>1</thread>
  <message>Start action : verifyElementText(findTestObject(&amp;quot;Object Repository/Page_Shopify/p_Dream big, build fast, and grow far on Shopify&amp;quot;), &amp;quot;Dream big, build fast, and grow far on Shopify.&amp;quot;)</message>
  <nestedLevel>1</nestedLevel>
  <escapedJava>false</escapedJava>
  <property name="startLine">24</property>
  <property name="stepIndex">3</property>
</record>
<record>
  <date>2024-10-13T08:07:13.980723200Z</date>
  <millis>1728806833980</millis>
  <nanos>723200</nanos>
  <sequence>169</sequence>
  <level>PASSED</level>
  <class>com.kms.katalon.core.logging.XmlKeywordLogger</class>
  <method>logMessage</method>
  <thread>1</thread>
  <message>Actual text and expected text of test object &amp;apos;Object Repository/Page_Shopify/p_Dream big, build fast, and grow far on Shopify&amp;apos; are matched.</message>
  <nestedLevel>1</nestedLevel>
  <escapedJava>false</escapedJava>
  <property name="testops-is-assertion">true</property>
  <property name="testops-method-name">com.kms.katalon.core.webui.keyword.builtin.VerifyElementTextKeyword.verifyElementText</property>
  <property name="testops-execution-stacktrace"></property>
</record>
<record>
  <date>2024-10-13T08:07:13.981719600Z</date>
  <millis>1728806833981</millis>
  <nanos>719600</nanos>
  <sequence>170</sequence>
  <level>END</level>
  <class>com.kms.katalon.core.logging.XmlKeywordLogger</class>
  <method>endKeyword</method>
  <thread>1</thread>
  <message>End action : verifyElementText(findTestObject(&amp;quot;Object Repository/Page_Shopify/p_Dream big, build fast, and grow far on Shopify&amp;quot;), &amp;quot;Dream big, build fast, and grow far on Shopify.&amp;quot;)</message>
  <nestedLevel>1</nestedLevel>
  <escapedJava>false</escapedJava>
</record>
<record>
  <date>2024-10-13T08:07:13.981719600Z</date>
  <millis>1728806833981</millis>
  <nanos>719600</nanos>
  <sequence>171</sequence>
  <level>START</level>
  <class>com.kms.katalon.core.logging.XmlKeywordLogger</class>
  <method>startKeyword</method>
  <thread>1</thread>
  <message>Start action : closeBrowser()</message>
  <nestedLevel>1</nestedLevel>
  <escapedJava>false</escapedJava>
  <property name="startLine">27</property>
  <property name="stepIndex">4</property>
</record>
<record>
  <date>2024-10-13T08:07:14.133040600Z</date>
  <millis>1728806834133</millis>
  <nanos>40600</nanos>
  <sequence>173</sequence>
  <level>PASSED</level>
  <class>com.kms.katalon.core.logging.XmlKeywordLogger</class>
  <method>logMessage</method>
  <thread>1</thread>
  <message>Browser is closed</message>
  <nestedLevel>1</nestedLevel>
  <escapedJava>false</escapedJava>
  <property name="testops-method-name">com.kms.katalon.core.webui.keyword.builtin.CloseBrowserKeyword.closeBrowser</property>
  <property name="testops-execution-stacktrace"></property>
</record>
<record>
  <date>2024-10-13T08:07:14.133040600Z</date>
  <millis>1728806834133</millis>
  <nanos>40600</nanos>
  <sequence>174</sequence>
  <level>END</level>
  <class>com.kms.katalon.core.logging.XmlKeywordLogger</class>
  <method>endKeyword</method>
  <thread>1</thread>
  <message>End action : closeBrowser()</message>
  <nestedLevel>1</nestedLevel>
  <escapedJava>false</escapedJava>
</record>
<record>
  <date>2024-10-13T08:07:14.134038400Z</date>
  <millis>1728806834134</millis>
  <nanos>38400</nanos>
  <sequence>175</sequence>
  <level>PASSED</level>
  <class>com.kms.katalon.core.logging.XmlKeywordLogger</class>
  <method>logMessage</method>
  <thread>1</thread>
  <message>Test Cases/shopify</message>
  <nestedLevel>1</nestedLevel>
  <escapedJava>false</escapedJava>
</record>
<record>
  <date>2024-10-13T08:07:14.135033800Z</date>
  <millis>1728806834135</millis>
  <nanos>33800</nanos>
  <sequence>176</sequence>
  <level>END</level>
  <class>com.kms.katalon.core.logging.XmlKeywordLogger</class>
  <method>endTest</method>
  <thread>1</thread>
  <message>End Test Case : Test Cases/shopify</message>
  <nestedLevel>0</nestedLevel>
  <escapedJava>false</escapedJava>
  <property name="executionBindingVariables">[]</property>
  <property name="applitools">false</property>
  <property name="remainingRetryCount">3</property>
  <property name="currentRetryCount">0</property>
  <property name="keywordsUsage">{
  &quot;web_ui&quot;: true,
  &quot;web_service&quot;: false,
  &quot;cucumber&quot;: false,
  &quot;builtin&quot;: false,
  &quot;mobile&quot;: false,
  &quot;windows&quot;: false,
  &quot;testng&quot;: false
}</property>
</record>
<record>
  <date>2024-10-13T08:07:14.148985700Z</date>
  <millis>1728806834148</millis>
  <nanos>985700</nanos>
  <sequence>177</sequence>
  <level>START</level>
  <class>com.kms.katalon.core.logging.XmlKeywordLogger</class>
  <method>startTest</method>
  <thread>1</thread>
  <message>Start Test Case : Test Cases/opencart</message>
  <nestedLevel>1</nestedLevel>
  <escapedJava>false</escapedJava>
  <property name="remainingRetryCount">3</property>
  <property name="name">Test Cases/opencart</property>
  <property name="description"></property>
  <property name="iteration"></property>
  <property name="id">Test Cases/opencart</property>
  <property name="source">C:\Users\Rohit Roy\git\Katalon-Project\Test Cases\opencart.tc</property>
  <property name="tag"></property>
  <property name="isOptional">false</property>
  <property name="currentRetryCount">0</property>
</record>
<record>
  <date>2024-10-13T08:07:14.211209300Z</date>
  <millis>1728806834211</millis>
  <nanos>209300</nanos>
  <sequence>179</sequence>
  <level>START</level>
  <class>com.kms.katalon.core.logging.XmlKeywordLogger</class>
  <method>startKeyword</method>
  <thread>1</thread>
  <message>Start action : openBrowser(&amp;quot;&amp;quot;)</message>
  <nestedLevel>1</nestedLevel>
  <escapedJava>false</escapedJava>
  <property name="startLine">20</property>
  <property name="stepIndex">1</property>
</record>
<record>
  <date>2024-10-13T08:07:14.215191Z</date>
  <millis>1728806834215</millis>
  <nanos>191000</nanos>
  <sequence>181</sequence>
  <level>INFO</level>
  <class>com.kms.katalon.core.logging.XmlKeywordLogger</class>
  <method>logMessage</method>
  <thread>1</thread>
  <message>Starting &amp;apos;Chrome&amp;apos; driver</message>
  <nestedLevel>1</nestedLevel>
  <escapedJava>false</escapedJava>
</record>
<record>
  <date>2024-10-13T08:07:14.216187600Z</date>
  <millis>1728806834216</millis>
  <nanos>187600</nanos>
  <sequence>183</sequence>
  <level>INFO</level>
  <class>com.kms.katalon.core.logging.XmlKeywordLogger</class>
  <method>logMessage</method>
  <thread>1</thread>
  <message>Action delay is set to 0 milliseconds</message>
  <nestedLevel>1</nestedLevel>
  <escapedJava>false</escapedJava>
</record>
<record>
  <date>2024-10-13T08:07:14.914050500Z</date>
  <millis>1728806834914</millis>
  <nanos>50500</nanos>
  <sequence>185</sequence>
  <level>RUN_DATA</level>
  <class>com.kms.katalon.core.logging.XmlKeywordLogger</class>
  <method>logMessage</method>
  <thread>1</thread>
  <message>sessionId = 7f3fd4afad224ae1601a601507cb54c2</message>
  <nestedLevel>1</nestedLevel>
  <escapedJava>false</escapedJava>
  <property name="sessionId">7f3fd4afad224ae1601a601507cb54c2</property>
</record>
<record>
  <date>2024-10-13T08:07:14.939960200Z</date>
  <millis>1728806834939</millis>
  <nanos>960200</nanos>
  <sequence>186</sequence>
  <level>RUN_DATA</level>
  <class>com.kms.katalon.core.logging.XmlKeywordLogger</class>
  <method>logMessage</method>
  <thread>1</thread>
  <message>browser = Chrome 130.0.0.0</message>
  <nestedLevel>1</nestedLevel>
  <escapedJava>false</escapedJava>
  <property name="browser">Chrome 130.0.0.0</property>
</record>
<record>
  <date>2024-10-13T08:07:14.941182900Z</date>
  <millis>1728806834941</millis>
  <nanos>182900</nanos>
  <sequence>187</sequence>
  <level>RUN_DATA</level>
  <class>com.kms.katalon.core.logging.XmlKeywordLogger</class>
  <method>logMessage</method>
  <thread>1</thread>
  <message>platform = Windows 11</message>
  <nestedLevel>1</nestedLevel>
  <escapedJava>false</escapedJava>
  <property name="platform">Windows 11</property>
</record>
<record>
  <date>2024-10-13T08:07:14.942193300Z</date>
  <millis>1728806834942</millis>
  <nanos>193300</nanos>
  <sequence>188</sequence>
  <level>RUN_DATA</level>
  <class>com.kms.katalon.core.logging.XmlKeywordLogger</class>
  <method>logMessage</method>
  <thread>1</thread>
  <message>seleniumVersion = 3.141.59</message>
  <nestedLevel>1</nestedLevel>
  <escapedJava>false</escapedJava>
  <property name="seleniumVersion">3.141.59</property>
</record>
<record>
  <date>2024-10-13T08:07:14.944182400Z</date>
  <millis>1728806834944</millis>
  <nanos>182400</nanos>
  <sequence>189</sequence>
  <level>RUN_DATA</level>
  <class>com.kms.katalon.core.logging.XmlKeywordLogger</class>
  <method>logMessage</method>
  <thread>1</thread>
  <message>proxyInformation = ProxyInformation { proxyOption=NO_PROXY, proxyServerType=HTTP, username=, password=********, proxyServerAddress=, proxyServerPort=0, executionList=&amp;quot;&amp;quot;, isApplyToDesiredCapabilities=true }</message>
  <nestedLevel>1</nestedLevel>
  <escapedJava>false</escapedJava>
  <property name="proxyInformation">ProxyInformation { proxyOption=NO_PROXY, proxyServerType=HTTP, username=, password=********, proxyServerAddress=, proxyServerPort=0, executionList=&quot;&quot;, isApplyToDesiredCapabilities=true }</property>
</record>
<record>
  <date>2024-10-13T08:07:14.954151100Z</date>
  <millis>1728806834954</millis>
  <nanos>151100</nanos>
  <sequence>190</sequence>
  <level>PASSED</level>
  <class>com.kms.katalon.core.logging.XmlKeywordLogger</class>
  <method>logMessage</method>
  <thread>1</thread>
  <message>Browser is opened with url: &amp;apos;&amp;apos;</message>
  <nestedLevel>1</nestedLevel>
  <escapedJava>false</escapedJava>
  <property name="testops-method-name">com.kms.katalon.core.webui.keyword.builtin.OpenBrowserKeyword.openBrowser</property>
  <property name="testops-execution-stacktrace"></property>
</record>
<record>
  <date>2024-10-13T08:07:14.956140100Z</date>
  <millis>1728806834956</millis>
  <nanos>140100</nanos>
  <sequence>191</sequence>
  <level>END</level>
  <class>com.kms.katalon.core.logging.XmlKeywordLogger</class>
  <method>endKeyword</method>
  <thread>1</thread>
  <message>End action : openBrowser(&amp;quot;&amp;quot;)</message>
  <nestedLevel>1</nestedLevel>
  <escapedJava>false</escapedJava>
</record>
<record>
  <date>2024-10-13T08:07:14.956140100Z</date>
  <millis>1728806834956</millis>
  <nanos>140100</nanos>
  <sequence>192</sequence>
  <level>START</level>
  <class>com.kms.katalon.core.logging.XmlKeywordLogger</class>
  <method>startKeyword</method>
  <thread>1</thread>
  <message>Start action : navigateToUrl(&amp;quot;https://www.opencart.com/&amp;quot;)</message>
  <nestedLevel>1</nestedLevel>
  <escapedJava>false</escapedJava>
  <property name="startLine">22</property>
  <property name="stepIndex">2</property>
</record>
<record>
  <date>2024-10-13T08:07:18.329524800Z</date>
  <millis>1728806838329</millis>
  <nanos>524800</nanos>
  <sequence>195</sequence>
  <level>PASSED</level>
  <class>com.kms.katalon.core.logging.XmlKeywordLogger</class>
  <method>logMessage</method>
  <thread>1</thread>
  <message>Navigate to &amp;apos;https://www.opencart.com/&amp;apos; successfully</message>
  <nestedLevel>1</nestedLevel>
  <escapedJava>false</escapedJava>
  <property name="testops-method-name">com.kms.katalon.core.webui.keyword.builtin.NavigateToUrlKeyword.navigateToUrl</property>
  <property name="testops-execution-stacktrace"></property>
</record>
<record>
  <date>2024-10-13T08:07:18.334514700Z</date>
  <millis>1728806838334</millis>
  <nanos>514700</nanos>
  <sequence>196</sequence>
  <level>END</level>
  <class>com.kms.katalon.core.logging.XmlKeywordLogger</class>
  <method>endKeyword</method>
  <thread>1</thread>
  <message>End action : navigateToUrl(&amp;quot;https://www.opencart.com/&amp;quot;)</message>
  <nestedLevel>1</nestedLevel>
  <escapedJava>false</escapedJava>
</record>
<record>
  <date>2024-10-13T08:07:18.335509900Z</date>
  <millis>1728806838335</millis>
  <nanos>509900</nanos>
  <sequence>197</sequence>
  <level>START</level>
  <class>com.kms.katalon.core.logging.XmlKeywordLogger</class>
  <method>startKeyword</method>
  <thread>1</thread>
  <message>Start action : closeBrowser()</message>
  <nestedLevel>1</nestedLevel>
  <escapedJava>false</escapedJava>
  <property name="startLine">24</property>
  <property name="stepIndex">3</property>
</record>
<record>
  <date>2024-10-13T08:07:18.523300100Z</date>
  <millis>1728806838523</millis>
  <nanos>300100</nanos>
  <sequence>199</sequence>
  <level>PASSED</level>
  <class>com.kms.katalon.core.logging.XmlKeywordLogger</class>
  <method>logMessage</method>
  <thread>1</thread>
  <message>Browser is closed</message>
  <nestedLevel>1</nestedLevel>
  <escapedJava>false</escapedJava>
  <property name="testops-method-name">com.kms.katalon.core.webui.keyword.builtin.CloseBrowserKeyword.closeBrowser</property>
  <property name="testops-execution-stacktrace"></property>
</record>
<record>
  <date>2024-10-13T08:07:18.523300100Z</date>
  <millis>1728806838523</millis>
  <nanos>300100</nanos>
  <sequence>200</sequence>
  <level>END</level>
  <class>com.kms.katalon.core.logging.XmlKeywordLogger</class>
  <method>endKeyword</method>
  <thread>1</thread>
  <message>End action : closeBrowser()</message>
  <nestedLevel>1</nestedLevel>
  <escapedJava>false</escapedJava>
</record>
<record>
  <date>2024-10-13T08:07:18.524296900Z</date>
  <millis>1728806838524</millis>
  <nanos>296900</nanos>
  <sequence>201</sequence>
  <level>PASSED</level>
  <class>com.kms.katalon.core.logging.XmlKeywordLogger</class>
  <method>logMessage</method>
  <thread>1</thread>
  <message>Test Cases/opencart</message>
  <nestedLevel>1</nestedLevel>
  <escapedJava>false</escapedJava>
</record>
<record>
  <date>2024-10-13T08:07:18.525295300Z</date>
  <millis>1728806838525</millis>
  <nanos>295300</nanos>
  <sequence>202</sequence>
  <level>END</level>
  <class>com.kms.katalon.core.logging.XmlKeywordLogger</class>
  <method>endTest</method>
  <thread>1</thread>
  <message>End Test Case : Test Cases/opencart</message>
  <nestedLevel>0</nestedLevel>
  <escapedJava>false</escapedJava>
  <property name="executionBindingVariables">[]</property>
  <property name="applitools">false</property>
  <property name="remainingRetryCount">3</property>
  <property name="currentRetryCount">0</property>
  <property name="keywordsUsage">{
  &quot;web_ui&quot;: true,
  &quot;web_service&quot;: false,
  &quot;cucumber&quot;: false,
  &quot;builtin&quot;: false,
  &quot;mobile&quot;: false,
  &quot;windows&quot;: false,
  &quot;testng&quot;: false
}</property>
</record>
<record>
  <date>2024-10-13T08:07:18.567705200Z</date>
  <millis>1728806838567</millis>
  <nanos>705200</nanos>
  <sequence>203</sequence>
  <level>START</level>
  <class>com.kms.katalon.core.logging.XmlKeywordLogger</class>
  <method>startTest</method>
  <thread>1</thread>
  <message>Start Test Case : Test Cases/ebay</message>
  <nestedLevel>1</nestedLevel>
  <escapedJava>false</escapedJava>
  <property name="remainingRetryCount">3</property>
  <property name="name">Test Cases/ebay</property>
  <property name="description"></property>
  <property name="iteration"></property>
  <property name="id">Test Cases/ebay</property>
  <property name="source">C:\Users\Rohit Roy\git\Katalon-Project\Test Cases\ebay.tc</property>
  <property name="tag"></property>
  <property name="isOptional">false</property>
  <property name="currentRetryCount">0</property>
</record>
<record>
  <date>2024-10-13T08:07:18.609932900Z</date>
  <millis>1728806838609</millis>
  <nanos>932900</nanos>
  <sequence>205</sequence>
  <level>START</level>
  <class>com.kms.katalon.core.logging.XmlKeywordLogger</class>
  <method>startKeyword</method>
  <thread>1</thread>
  <message>Start action : openBrowser(&amp;quot;&amp;quot;)</message>
  <nestedLevel>1</nestedLevel>
  <escapedJava>false</escapedJava>
  <property name="startLine">20</property>
  <property name="stepIndex">1</property>
</record>
<record>
  <date>2024-10-13T08:07:18.611927900Z</date>
  <millis>1728806838611</millis>
  <nanos>927900</nanos>
  <sequence>207</sequence>
  <level>INFO</level>
  <class>com.kms.katalon.core.logging.XmlKeywordLogger</class>
  <method>logMessage</method>
  <thread>1</thread>
  <message>Starting &amp;apos;Chrome&amp;apos; driver</message>
  <nestedLevel>1</nestedLevel>
  <escapedJava>false</escapedJava>
</record>
<record>
  <date>2024-10-13T08:07:18.612923100Z</date>
  <millis>1728806838612</millis>
  <nanos>923100</nanos>
  <sequence>209</sequence>
  <level>INFO</level>
  <class>com.kms.katalon.core.logging.XmlKeywordLogger</class>
  <method>logMessage</method>
  <thread>1</thread>
  <message>Action delay is set to 0 milliseconds</message>
  <nestedLevel>1</nestedLevel>
  <escapedJava>false</escapedJava>
</record>
<record>
  <date>2024-10-13T08:07:19.282235900Z</date>
  <millis>1728806839282</millis>
  <nanos>235900</nanos>
  <sequence>211</sequence>
  <level>RUN_DATA</level>
  <class>com.kms.katalon.core.logging.XmlKeywordLogger</class>
  <method>logMessage</method>
  <thread>1</thread>
  <message>sessionId = c4fbd04e0e3e706f71ebfc4dc90812e4</message>
  <nestedLevel>1</nestedLevel>
  <escapedJava>false</escapedJava>
  <property name="sessionId">c4fbd04e0e3e706f71ebfc4dc90812e4</property>
</record>
<record>
  <date>2024-10-13T08:07:19.311768100Z</date>
  <millis>1728806839311</millis>
  <nanos>768100</nanos>
  <sequence>212</sequence>
  <level>RUN_DATA</level>
  <class>com.kms.katalon.core.logging.XmlKeywordLogger</class>
  <method>logMessage</method>
  <thread>1</thread>
  <message>browser = Chrome 130.0.0.0</message>
  <nestedLevel>1</nestedLevel>
  <escapedJava>false</escapedJava>
  <property name="browser">Chrome 130.0.0.0</property>
</record>
<record>
  <date>2024-10-13T08:07:19.313764700Z</date>
  <millis>1728806839313</millis>
  <nanos>764700</nanos>
  <sequence>213</sequence>
  <level>RUN_DATA</level>
  <class>com.kms.katalon.core.logging.XmlKeywordLogger</class>
  <method>logMessage</method>
  <thread>1</thread>
  <message>platform = Windows 11</message>
  <nestedLevel>1</nestedLevel>
  <escapedJava>false</escapedJava>
  <property name="platform">Windows 11</property>
</record>
<record>
  <date>2024-10-13T08:07:19.314759300Z</date>
  <millis>1728806839314</millis>
  <nanos>759300</nanos>
  <sequence>214</sequence>
  <level>RUN_DATA</level>
  <class>com.kms.katalon.core.logging.XmlKeywordLogger</class>
  <method>logMessage</method>
  <thread>1</thread>
  <message>seleniumVersion = 3.141.59</message>
  <nestedLevel>1</nestedLevel>
  <escapedJava>false</escapedJava>
  <property name="seleniumVersion">3.141.59</property>
</record>
<record>
  <date>2024-10-13T08:07:19.315756700Z</date>
  <millis>1728806839315</millis>
  <nanos>756700</nanos>
  <sequence>215</sequence>
  <level>RUN_DATA</level>
  <class>com.kms.katalon.core.logging.XmlKeywordLogger</class>
  <method>logMessage</method>
  <thread>1</thread>
  <message>proxyInformation = ProxyInformation { proxyOption=NO_PROXY, proxyServerType=HTTP, username=, password=********, proxyServerAddress=, proxyServerPort=0, executionList=&amp;quot;&amp;quot;, isApplyToDesiredCapabilities=true }</message>
  <nestedLevel>1</nestedLevel>
  <escapedJava>false</escapedJava>
  <property name="proxyInformation">ProxyInformation { proxyOption=NO_PROXY, proxyServerType=HTTP, username=, password=********, proxyServerAddress=, proxyServerPort=0, executionList=&quot;&quot;, isApplyToDesiredCapabilities=true }</property>
</record>
<record>
  <date>2024-10-13T08:07:19.326718400Z</date>
  <millis>1728806839326</millis>
  <nanos>718400</nanos>
  <sequence>216</sequence>
  <level>PASSED</level>
  <class>com.kms.katalon.core.logging.XmlKeywordLogger</class>
  <method>logMessage</method>
  <thread>1</thread>
  <message>Browser is opened with url: &amp;apos;&amp;apos;</message>
  <nestedLevel>1</nestedLevel>
  <escapedJava>false</escapedJava>
  <property name="testops-method-name">com.kms.katalon.core.webui.keyword.builtin.OpenBrowserKeyword.openBrowser</property>
  <property name="testops-execution-stacktrace"></property>
</record>
<record>
  <date>2024-10-13T08:07:19.329714300Z</date>
  <millis>1728806839329</millis>
  <nanos>714300</nanos>
  <sequence>217</sequence>
  <level>END</level>
  <class>com.kms.katalon.core.logging.XmlKeywordLogger</class>
  <method>endKeyword</method>
  <thread>1</thread>
  <message>End action : openBrowser(&amp;quot;&amp;quot;)</message>
  <nestedLevel>1</nestedLevel>
  <escapedJava>false</escapedJava>
</record>
<record>
  <date>2024-10-13T08:07:19.330709100Z</date>
  <millis>1728806839330</millis>
  <nanos>709100</nanos>
  <sequence>218</sequence>
  <level>START</level>
  <class>com.kms.katalon.core.logging.XmlKeywordLogger</class>
  <method>startKeyword</method>
  <thread>1</thread>
  <message>Start action : navigateToUrl(&amp;quot;https://www.ebay.com/&amp;quot;)</message>
  <nestedLevel>1</nestedLevel>
  <escapedJava>false</escapedJava>
  <property name="startLine">22</property>
  <property name="stepIndex">2</property>
</record>
<record>
  <date>2024-10-13T08:07:21.231801300Z</date>
  <millis>1728806841231</millis>
  <nanos>801300</nanos>
  <sequence>221</sequence>
  <level>PASSED</level>
  <class>com.kms.katalon.core.logging.XmlKeywordLogger</class>
  <method>logMessage</method>
  <thread>1</thread>
  <message>Navigate to &amp;apos;https://www.ebay.com/&amp;apos; successfully</message>
  <nestedLevel>1</nestedLevel>
  <escapedJava>false</escapedJava>
  <property name="testops-method-name">com.kms.katalon.core.webui.keyword.builtin.NavigateToUrlKeyword.navigateToUrl</property>
  <property name="testops-execution-stacktrace"></property>
</record>
<record>
  <date>2024-10-13T08:07:21.239773900Z</date>
  <millis>1728806841239</millis>
  <nanos>773900</nanos>
  <sequence>222</sequence>
  <level>END</level>
  <class>com.kms.katalon.core.logging.XmlKeywordLogger</class>
  <method>endKeyword</method>
  <thread>1</thread>
  <message>End action : navigateToUrl(&amp;quot;https://www.ebay.com/&amp;quot;)</message>
  <nestedLevel>1</nestedLevel>
  <escapedJava>false</escapedJava>
</record>
<record>
  <date>2024-10-13T08:07:21.240781100Z</date>
  <millis>1728806841240</millis>
  <nanos>781100</nanos>
  <sequence>223</sequence>
  <level>START</level>
  <class>com.kms.katalon.core.logging.XmlKeywordLogger</class>
  <method>startKeyword</method>
  <thread>1</thread>
  <message>Start action : closeBrowser()</message>
  <nestedLevel>1</nestedLevel>
  <escapedJava>false</escapedJava>
  <property name="startLine">24</property>
  <property name="stepIndex">3</property>
</record>
<record>
  <date>2024-10-13T08:07:21.409442800Z</date>
  <millis>1728806841409</millis>
  <nanos>442800</nanos>
  <sequence>225</sequence>
  <level>PASSED</level>
  <class>com.kms.katalon.core.logging.XmlKeywordLogger</class>
  <method>logMessage</method>
  <thread>1</thread>
  <message>Browser is closed</message>
  <nestedLevel>1</nestedLevel>
  <escapedJava>false</escapedJava>
  <property name="testops-method-name">com.kms.katalon.core.webui.keyword.builtin.CloseBrowserKeyword.closeBrowser</property>
  <property name="testops-execution-stacktrace"></property>
</record>
<record>
  <date>2024-10-13T08:07:21.409442800Z</date>
  <millis>1728806841409</millis>
  <nanos>442800</nanos>
  <sequence>226</sequence>
  <level>END</level>
  <class>com.kms.katalon.core.logging.XmlKeywordLogger</class>
  <method>endKeyword</method>
  <thread>1</thread>
  <message>End action : closeBrowser()</message>
  <nestedLevel>1</nestedLevel>
  <escapedJava>false</escapedJava>
</record>
<record>
  <date>2024-10-13T08:07:21.410439300Z</date>
  <millis>1728806841410</millis>
  <nanos>439300</nanos>
  <sequence>227</sequence>
  <level>PASSED</level>
  <class>com.kms.katalon.core.logging.XmlKeywordLogger</class>
  <method>logMessage</method>
  <thread>1</thread>
  <message>Test Cases/ebay</message>
  <nestedLevel>1</nestedLevel>
  <escapedJava>false</escapedJava>
</record>
<record>
  <date>2024-10-13T08:07:21.411435900Z</date>
  <millis>1728806841411</millis>
  <nanos>435900</nanos>
  <sequence>228</sequence>
  <level>END</level>
  <class>com.kms.katalon.core.logging.XmlKeywordLogger</class>
  <method>endTest</method>
  <thread>1</thread>
  <message>End Test Case : Test Cases/ebay</message>
  <nestedLevel>0</nestedLevel>
  <escapedJava>false</escapedJava>
  <property name="executionBindingVariables">[]</property>
  <property name="applitools">false</property>
  <property name="remainingRetryCount">3</property>
  <property name="currentRetryCount">0</property>
  <property name="keywordsUsage">{
  &quot;web_ui&quot;: true,
  &quot;web_service&quot;: false,
  &quot;cucumber&quot;: false,
  &quot;builtin&quot;: false,
  &quot;mobile&quot;: false,
  &quot;windows&quot;: false,
  &quot;testng&quot;: false
}</property>
</record>
<record>
  <date>2024-10-13T08:07:21.417415700Z</date>
  <millis>1728806841417</millis>
  <nanos>415700</nanos>
  <sequence>229</sequence>
  <level>START</level>
  <class>com.kms.katalon.core.logging.XmlKeywordLogger</class>
  <method>startTest</method>
  <thread>1</thread>
  <message>Start Test Case : Test Cases/snapdeal</message>
  <nestedLevel>1</nestedLevel>
  <escapedJava>false</escapedJava>
  <property name="remainingRetryCount">3</property>
  <property name="name">Test Cases/snapdeal</property>
  <property name="description"></property>
  <property name="iteration"></property>
  <property name="id">Test Cases/snapdeal</property>
  <property name="source">C:\Users\Rohit Roy\git\Katalon-Project\Test Cases\snapdeal.tc</property>
  <property name="tag"></property>
  <property name="isOptional">false</property>
  <property name="currentRetryCount">0</property>
</record>
<record>
  <date>2024-10-13T08:07:21.482878Z</date>
  <millis>1728806841482</millis>
  <nanos>878000</nanos>
  <sequence>231</sequence>
  <level>START</level>
  <class>com.kms.katalon.core.logging.XmlKeywordLogger</class>
  <method>startKeyword</method>
  <thread>1</thread>
  <message>Start action : openBrowser(&amp;quot;&amp;quot;)</message>
  <nestedLevel>1</nestedLevel>
  <escapedJava>false</escapedJava>
  <property name="startLine">20</property>
  <property name="stepIndex">1</property>
</record>
<record>
  <date>2024-10-13T08:07:21.482878Z</date>
  <millis>1728806841482</millis>
  <nanos>878000</nanos>
  <sequence>233</sequence>
  <level>INFO</level>
  <class>com.kms.katalon.core.logging.XmlKeywordLogger</class>
  <method>logMessage</method>
  <thread>1</thread>
  <message>Starting &amp;apos;Chrome&amp;apos; driver</message>
  <nestedLevel>1</nestedLevel>
  <escapedJava>false</escapedJava>
</record>
<record>
  <date>2024-10-13T08:07:21.482878Z</date>
  <millis>1728806841482</millis>
  <nanos>878000</nanos>
  <sequence>235</sequence>
  <level>INFO</level>
  <class>com.kms.katalon.core.logging.XmlKeywordLogger</class>
  <method>logMessage</method>
  <thread>1</thread>
  <message>Action delay is set to 0 milliseconds</message>
  <nestedLevel>1</nestedLevel>
  <escapedJava>false</escapedJava>
</record>
<record>
  <date>2024-10-13T08:07:22.075047100Z</date>
  <millis>1728806842075</millis>
  <nanos>47100</nanos>
  <sequence>237</sequence>
  <level>RUN_DATA</level>
  <class>com.kms.katalon.core.logging.XmlKeywordLogger</class>
  <method>logMessage</method>
  <thread>1</thread>
  <message>sessionId = f76b7245ece65d9b122523beb914bc79</message>
  <nestedLevel>1</nestedLevel>
  <escapedJava>false</escapedJava>
  <property name="sessionId">f76b7245ece65d9b122523beb914bc79</property>
</record>
<record>
  <date>2024-10-13T08:07:22.110381100Z</date>
  <millis>1728806842110</millis>
  <nanos>381100</nanos>
  <sequence>238</sequence>
  <level>RUN_DATA</level>
  <class>com.kms.katalon.core.logging.XmlKeywordLogger</class>
  <method>logMessage</method>
  <thread>1</thread>
  <message>browser = Chrome 130.0.0.0</message>
  <nestedLevel>1</nestedLevel>
  <escapedJava>false</escapedJava>
  <property name="browser">Chrome 130.0.0.0</property>
</record>
<record>
  <date>2024-10-13T08:07:22.113117600Z</date>
  <millis>1728806842113</millis>
  <nanos>117600</nanos>
  <sequence>239</sequence>
  <level>RUN_DATA</level>
  <class>com.kms.katalon.core.logging.XmlKeywordLogger</class>
  <method>logMessage</method>
  <thread>1</thread>
  <message>platform = Windows 11</message>
  <nestedLevel>1</nestedLevel>
  <escapedJava>false</escapedJava>
  <property name="platform">Windows 11</property>
</record>
<record>
  <date>2024-10-13T08:07:22.114131600Z</date>
  <millis>1728806842114</millis>
  <nanos>131600</nanos>
  <sequence>240</sequence>
  <level>RUN_DATA</level>
  <class>com.kms.katalon.core.logging.XmlKeywordLogger</class>
  <method>logMessage</method>
  <thread>1</thread>
  <message>seleniumVersion = 3.141.59</message>
  <nestedLevel>1</nestedLevel>
  <escapedJava>false</escapedJava>
  <property name="seleniumVersion">3.141.59</property>
</record>
<record>
  <date>2024-10-13T08:07:22.117119800Z</date>
  <millis>1728806842117</millis>
  <nanos>119800</nanos>
  <sequence>241</sequence>
  <level>RUN_DATA</level>
  <class>com.kms.katalon.core.logging.XmlKeywordLogger</class>
  <method>logMessage</method>
  <thread>1</thread>
  <message>proxyInformation = ProxyInformation { proxyOption=NO_PROXY, proxyServerType=HTTP, username=, password=********, proxyServerAddress=, proxyServerPort=0, executionList=&amp;quot;&amp;quot;, isApplyToDesiredCapabilities=true }</message>
  <nestedLevel>1</nestedLevel>
  <escapedJava>false</escapedJava>
  <property name="proxyInformation">ProxyInformation { proxyOption=NO_PROXY, proxyServerType=HTTP, username=, password=********, proxyServerAddress=, proxyServerPort=0, executionList=&quot;&quot;, isApplyToDesiredCapabilities=true }</property>
</record>
<record>
  <date>2024-10-13T08:07:22.128281900Z</date>
  <millis>1728806842128</millis>
  <nanos>281900</nanos>
  <sequence>242</sequence>
  <level>PASSED</level>
  <class>com.kms.katalon.core.logging.XmlKeywordLogger</class>
  <method>logMessage</method>
  <thread>1</thread>
  <message>Browser is opened with url: &amp;apos;&amp;apos;</message>
  <nestedLevel>1</nestedLevel>
  <escapedJava>false</escapedJava>
  <property name="testops-method-name">com.kms.katalon.core.webui.keyword.builtin.OpenBrowserKeyword.openBrowser</property>
  <property name="testops-execution-stacktrace"></property>
</record>
<record>
  <date>2024-10-13T08:07:22.128281900Z</date>
  <millis>1728806842128</millis>
  <nanos>281900</nanos>
  <sequence>243</sequence>
  <level>END</level>
  <class>com.kms.katalon.core.logging.XmlKeywordLogger</class>
  <method>endKeyword</method>
  <thread>1</thread>
  <message>End action : openBrowser(&amp;quot;&amp;quot;)</message>
  <nestedLevel>1</nestedLevel>
  <escapedJava>false</escapedJava>
</record>
<record>
  <date>2024-10-13T08:07:22.128281900Z</date>
  <millis>1728806842128</millis>
  <nanos>281900</nanos>
  <sequence>244</sequence>
  <level>START</level>
  <class>com.kms.katalon.core.logging.XmlKeywordLogger</class>
  <method>startKeyword</method>
  <thread>1</thread>
  <message>Start action : navigateToUrl(&amp;quot;https://snapdeal.com/&amp;quot;)</message>
  <nestedLevel>1</nestedLevel>
  <escapedJava>false</escapedJava>
  <property name="startLine">22</property>
  <property name="stepIndex">2</property>
</record>
<record>
  <date>2024-10-13T08:07:23.896716100Z</date>
  <millis>1728806843896</millis>
  <nanos>716100</nanos>
  <sequence>247</sequence>
  <level>PASSED</level>
  <class>com.kms.katalon.core.logging.XmlKeywordLogger</class>
  <method>logMessage</method>
  <thread>1</thread>
  <message>Navigate to &amp;apos;https://snapdeal.com/&amp;apos; successfully</message>
  <nestedLevel>1</nestedLevel>
  <escapedJava>false</escapedJava>
  <property name="testops-method-name">com.kms.katalon.core.webui.keyword.builtin.NavigateToUrlKeyword.navigateToUrl</property>
  <property name="testops-execution-stacktrace"></property>
</record>
<record>
  <date>2024-10-13T08:07:23.899710Z</date>
  <millis>1728806843899</millis>
  <nanos>710000</nanos>
  <sequence>248</sequence>
  <level>END</level>
  <class>com.kms.katalon.core.logging.XmlKeywordLogger</class>
  <method>endKeyword</method>
  <thread>1</thread>
  <message>End action : navigateToUrl(&amp;quot;https://snapdeal.com/&amp;quot;)</message>
  <nestedLevel>1</nestedLevel>
  <escapedJava>false</escapedJava>
</record>
<record>
  <date>2024-10-13T08:07:23.899710Z</date>
  <millis>1728806843899</millis>
  <nanos>710000</nanos>
  <sequence>249</sequence>
  <level>START</level>
  <class>com.kms.katalon.core.logging.XmlKeywordLogger</class>
  <method>startKeyword</method>
  <thread>1</thread>
  <message>Start action : closeBrowser()</message>
  <nestedLevel>1</nestedLevel>
  <escapedJava>false</escapedJava>
  <property name="startLine">24</property>
  <property name="stepIndex">3</property>
</record>
<record>
  <date>2024-10-13T08:07:23.980351400Z</date>
  <millis>1728806843980</millis>
  <nanos>351400</nanos>
  <sequence>251</sequence>
  <level>PASSED</level>
  <class>com.kms.katalon.core.logging.XmlKeywordLogger</class>
  <method>logMessage</method>
  <thread>1</thread>
  <message>Browser is closed</message>
  <nestedLevel>1</nestedLevel>
  <escapedJava>false</escapedJava>
  <property name="testops-method-name">com.kms.katalon.core.webui.keyword.builtin.CloseBrowserKeyword.closeBrowser</property>
  <property name="testops-execution-stacktrace"></property>
</record>
<record>
  <date>2024-10-13T08:07:23.981358100Z</date>
  <millis>1728806843981</millis>
  <nanos>358100</nanos>
  <sequence>252</sequence>
  <level>END</level>
  <class>com.kms.katalon.core.logging.XmlKeywordLogger</class>
  <method>endKeyword</method>
  <thread>1</thread>
  <message>End action : closeBrowser()</message>
  <nestedLevel>1</nestedLevel>
  <escapedJava>false</escapedJava>
</record>
<record>
  <date>2024-10-13T08:07:23.981358100Z</date>
  <millis>1728806843981</millis>
  <nanos>358100</nanos>
  <sequence>253</sequence>
  <level>PASSED</level>
  <class>com.kms.katalon.core.logging.XmlKeywordLogger</class>
  <method>logMessage</method>
  <thread>1</thread>
  <message>Test Cases/snapdeal</message>
  <nestedLevel>1</nestedLevel>
  <escapedJava>false</escapedJava>
</record>
<record>
  <date>2024-10-13T08:07:23.983350700Z</date>
  <millis>1728806843983</millis>
  <nanos>350700</nanos>
  <sequence>254</sequence>
  <level>END</level>
  <class>com.kms.katalon.core.logging.XmlKeywordLogger</class>
  <method>endTest</method>
  <thread>1</thread>
  <message>End Test Case : Test Cases/snapdeal</message>
  <nestedLevel>0</nestedLevel>
  <escapedJava>false</escapedJava>
  <property name="executionBindingVariables">[]</property>
  <property name="applitools">false</property>
  <property name="remainingRetryCount">3</property>
  <property name="currentRetryCount">0</property>
  <property name="keywordsUsage">{
  &quot;web_ui&quot;: true,
  &quot;web_service&quot;: false,
  &quot;cucumber&quot;: false,
  &quot;builtin&quot;: false,
  &quot;mobile&quot;: false,
  &quot;windows&quot;: false,
  &quot;testng&quot;: false
}</property>
</record>
<record>
  <date>2024-10-13T08:07:23.990332700Z</date>
  <millis>1728806843990</millis>
  <nanos>332700</nanos>
  <sequence>255</sequence>
  <level>START</level>
  <class>com.kms.katalon.core.logging.XmlKeywordLogger</class>
  <method>startTest</method>
  <thread>1</thread>
  <message>Start Test Case : Test Cases/indiamart</message>
  <nestedLevel>1</nestedLevel>
  <escapedJava>false</escapedJava>
  <property name="remainingRetryCount">3</property>
  <property name="name">Test Cases/indiamart</property>
  <property name="description"></property>
  <property name="iteration"></property>
  <property name="id">Test Cases/indiamart</property>
  <property name="source">C:\Users\Rohit Roy\git\Katalon-Project\Test Cases\indiamart.tc</property>
  <property name="tag"></property>
  <property name="isOptional">false</property>
  <property name="currentRetryCount">0</property>
</record>
<record>
  <date>2024-10-13T08:07:24.036173Z</date>
  <millis>1728806844036</millis>
  <nanos>173000</nanos>
  <sequence>257</sequence>
  <level>START</level>
  <class>com.kms.katalon.core.logging.XmlKeywordLogger</class>
  <method>startKeyword</method>
  <thread>1</thread>
  <message>Start action : openBrowser(&amp;quot;&amp;quot;)</message>
  <nestedLevel>1</nestedLevel>
  <escapedJava>false</escapedJava>
  <property name="startLine">20</property>
  <property name="stepIndex">1</property>
</record>
<record>
  <date>2024-10-13T08:07:24.038166300Z</date>
  <millis>1728806844038</millis>
  <nanos>166300</nanos>
  <sequence>259</sequence>
  <level>INFO</level>
  <class>com.kms.katalon.core.logging.XmlKeywordLogger</class>
  <method>logMessage</method>
  <thread>1</thread>
  <message>Starting &amp;apos;Chrome&amp;apos; driver</message>
  <nestedLevel>1</nestedLevel>
  <escapedJava>false</escapedJava>
</record>
<record>
  <date>2024-10-13T08:07:24.039163Z</date>
  <millis>1728806844039</millis>
  <nanos>163000</nanos>
  <sequence>261</sequence>
  <level>INFO</level>
  <class>com.kms.katalon.core.logging.XmlKeywordLogger</class>
  <method>logMessage</method>
  <thread>1</thread>
  <message>Action delay is set to 0 milliseconds</message>
  <nestedLevel>1</nestedLevel>
  <escapedJava>false</escapedJava>
</record>
<record>
  <date>2024-10-13T08:07:24.730634500Z</date>
  <millis>1728806844730</millis>
  <nanos>634500</nanos>
  <sequence>263</sequence>
  <level>RUN_DATA</level>
  <class>com.kms.katalon.core.logging.XmlKeywordLogger</class>
  <method>logMessage</method>
  <thread>1</thread>
  <message>sessionId = 7bf30ac72b4d1e7c49aba3c863810c0e</message>
  <nestedLevel>1</nestedLevel>
  <escapedJava>false</escapedJava>
  <property name="sessionId">7bf30ac72b4d1e7c49aba3c863810c0e</property>
</record>
<record>
  <date>2024-10-13T08:07:24.737613100Z</date>
  <millis>1728806844737</millis>
  <nanos>613100</nanos>
  <sequence>264</sequence>
  <level>RUN_DATA</level>
  <class>com.kms.katalon.core.logging.XmlKeywordLogger</class>
  <method>logMessage</method>
  <thread>1</thread>
  <message>browser = Chrome 130.0.0.0</message>
  <nestedLevel>1</nestedLevel>
  <escapedJava>false</escapedJava>
  <property name="browser">Chrome 130.0.0.0</property>
</record>
<record>
  <date>2024-10-13T08:07:24.737613100Z</date>
  <millis>1728806844737</millis>
  <nanos>613100</nanos>
  <sequence>265</sequence>
  <level>RUN_DATA</level>
  <class>com.kms.katalon.core.logging.XmlKeywordLogger</class>
  <method>logMessage</method>
  <thread>1</thread>
  <message>platform = Windows 11</message>
  <nestedLevel>1</nestedLevel>
  <escapedJava>false</escapedJava>
  <property name="platform">Windows 11</property>
</record>
<record>
  <date>2024-10-13T08:07:24.737613100Z</date>
  <millis>1728806844737</millis>
  <nanos>613100</nanos>
  <sequence>266</sequence>
  <level>RUN_DATA</level>
  <class>com.kms.katalon.core.logging.XmlKeywordLogger</class>
  <method>logMessage</method>
  <thread>1</thread>
  <message>seleniumVersion = 3.141.59</message>
  <nestedLevel>1</nestedLevel>
  <escapedJava>false</escapedJava>
  <property name="seleniumVersion">3.141.59</property>
</record>
<record>
  <date>2024-10-13T08:07:24.737613100Z</date>
  <millis>1728806844737</millis>
  <nanos>613100</nanos>
  <sequence>267</sequence>
  <level>RUN_DATA</level>
  <class>com.kms.katalon.core.logging.XmlKeywordLogger</class>
  <method>logMessage</method>
  <thread>1</thread>
  <message>proxyInformation = ProxyInformation { proxyOption=NO_PROXY, proxyServerType=HTTP, username=, password=********, proxyServerAddress=, proxyServerPort=0, executionList=&amp;quot;&amp;quot;, isApplyToDesiredCapabilities=true }</message>
  <nestedLevel>1</nestedLevel>
  <escapedJava>false</escapedJava>
  <property name="proxyInformation">ProxyInformation { proxyOption=NO_PROXY, proxyServerType=HTTP, username=, password=********, proxyServerAddress=, proxyServerPort=0, executionList=&quot;&quot;, isApplyToDesiredCapabilities=true }</property>
</record>
<record>
  <date>2024-10-13T08:07:24.741598500Z</date>
  <millis>1728806844741</millis>
  <nanos>598500</nanos>
  <sequence>268</sequence>
  <level>PASSED</level>
  <class>com.kms.katalon.core.logging.XmlKeywordLogger</class>
  <method>logMessage</method>
  <thread>1</thread>
  <message>Browser is opened with url: &amp;apos;&amp;apos;</message>
  <nestedLevel>1</nestedLevel>
  <escapedJava>false</escapedJava>
  <property name="testops-method-name">com.kms.katalon.core.webui.keyword.builtin.OpenBrowserKeyword.openBrowser</property>
  <property name="testops-execution-stacktrace"></property>
</record>
<record>
  <date>2024-10-13T08:07:24.742594700Z</date>
  <millis>1728806844742</millis>
  <nanos>594700</nanos>
  <sequence>269</sequence>
  <level>END</level>
  <class>com.kms.katalon.core.logging.XmlKeywordLogger</class>
  <method>endKeyword</method>
  <thread>1</thread>
  <message>End action : openBrowser(&amp;quot;&amp;quot;)</message>
  <nestedLevel>1</nestedLevel>
  <escapedJava>false</escapedJava>
</record>
<record>
  <date>2024-10-13T08:07:24.743087400Z</date>
  <millis>1728806844743</millis>
  <nanos>87400</nanos>
  <sequence>270</sequence>
  <level>START</level>
  <class>com.kms.katalon.core.logging.XmlKeywordLogger</class>
  <method>startKeyword</method>
  <thread>1</thread>
  <message>Start action : navigateToUrl(&amp;quot;https://www.indiamart.com/&amp;quot;)</message>
  <nestedLevel>1</nestedLevel>
  <escapedJava>false</escapedJava>
  <property name="startLine">22</property>
  <property name="stepIndex">2</property>
</record>
<record>
  <date>2024-10-13T08:07:27.794912Z</date>
  <millis>1728806847794</millis>
  <nanos>912000</nanos>
  <sequence>273</sequence>
  <level>PASSED</level>
  <class>com.kms.katalon.core.logging.XmlKeywordLogger</class>
  <method>logMessage</method>
  <thread>1</thread>
  <message>Navigate to &amp;apos;https://www.indiamart.com/&amp;apos; successfully</message>
  <nestedLevel>1</nestedLevel>
  <escapedJava>false</escapedJava>
  <property name="testops-method-name">com.kms.katalon.core.webui.keyword.builtin.NavigateToUrlKeyword.navigateToUrl</property>
  <property name="testops-execution-stacktrace"></property>
</record>
<record>
  <date>2024-10-13T08:07:27.796903700Z</date>
  <millis>1728806847796</millis>
  <nanos>903700</nanos>
  <sequence>274</sequence>
  <level>END</level>
  <class>com.kms.katalon.core.logging.XmlKeywordLogger</class>
  <method>endKeyword</method>
  <thread>1</thread>
  <message>End action : navigateToUrl(&amp;quot;https://www.indiamart.com/&amp;quot;)</message>
  <nestedLevel>1</nestedLevel>
  <escapedJava>false</escapedJava>
</record>
<record>
  <date>2024-10-13T08:07:27.796903700Z</date>
  <millis>1728806847796</millis>
  <nanos>903700</nanos>
  <sequence>275</sequence>
  <level>START</level>
  <class>com.kms.katalon.core.logging.XmlKeywordLogger</class>
  <method>startKeyword</method>
  <thread>1</thread>
  <message>Start action : closeBrowser()</message>
  <nestedLevel>1</nestedLevel>
  <escapedJava>false</escapedJava>
  <property name="startLine">24</property>
  <property name="stepIndex">3</property>
</record>
<record>
  <date>2024-10-13T08:07:27.939112200Z</date>
  <millis>1728806847939</millis>
  <nanos>112200</nanos>
  <sequence>277</sequence>
  <level>PASSED</level>
  <class>com.kms.katalon.core.logging.XmlKeywordLogger</class>
  <method>logMessage</method>
  <thread>1</thread>
  <message>Browser is closed</message>
  <nestedLevel>1</nestedLevel>
  <escapedJava>false</escapedJava>
  <property name="testops-method-name">com.kms.katalon.core.webui.keyword.builtin.CloseBrowserKeyword.closeBrowser</property>
  <property name="testops-execution-stacktrace"></property>
</record>
<record>
  <date>2024-10-13T08:07:27.940108800Z</date>
  <millis>1728806847940</millis>
  <nanos>108800</nanos>
  <sequence>278</sequence>
  <level>END</level>
  <class>com.kms.katalon.core.logging.XmlKeywordLogger</class>
  <method>endKeyword</method>
  <thread>1</thread>
  <message>End action : closeBrowser()</message>
  <nestedLevel>1</nestedLevel>
  <escapedJava>false</escapedJava>
</record>
<record>
  <date>2024-10-13T08:07:27.940108800Z</date>
  <millis>1728806847940</millis>
  <nanos>108800</nanos>
  <sequence>279</sequence>
  <level>PASSED</level>
  <class>com.kms.katalon.core.logging.XmlKeywordLogger</class>
  <method>logMessage</method>
  <thread>1</thread>
  <message>Test Cases/indiamart</message>
  <nestedLevel>1</nestedLevel>
  <escapedJava>false</escapedJava>
</record>
<record>
  <date>2024-10-13T08:07:27.941105500Z</date>
  <millis>1728806847941</millis>
  <nanos>105500</nanos>
  <sequence>280</sequence>
  <level>END</level>
  <class>com.kms.katalon.core.logging.XmlKeywordLogger</class>
  <method>endTest</method>
  <thread>1</thread>
  <message>End Test Case : Test Cases/indiamart</message>
  <nestedLevel>0</nestedLevel>
  <escapedJava>false</escapedJava>
  <property name="executionBindingVariables">[]</property>
  <property name="applitools">false</property>
  <property name="remainingRetryCount">3</property>
  <property name="currentRetryCount">0</property>
  <property name="keywordsUsage">{
  &quot;web_ui&quot;: true,
  &quot;web_service&quot;: false,
  &quot;cucumber&quot;: false,
  &quot;builtin&quot;: false,
  &quot;mobile&quot;: false,
  &quot;windows&quot;: false,
  &quot;testng&quot;: false
}</property>
</record>
<record>
  <date>2024-10-13T08:07:27.950083900Z</date>
  <millis>1728806847950</millis>
  <nanos>83900</nanos>
  <sequence>281</sequence>
  <level>START</level>
  <class>com.kms.katalon.core.logging.XmlKeywordLogger</class>
  <method>startTest</method>
  <thread>1</thread>
  <message>Start Test Case : Test Cases/firstcry</message>
  <nestedLevel>1</nestedLevel>
  <escapedJava>false</escapedJava>
  <property name="remainingRetryCount">3</property>
  <property name="name">Test Cases/firstcry</property>
  <property name="description"></property>
  <property name="iteration"></property>
  <property name="id">Test Cases/firstcry</property>
  <property name="source">C:\Users\Rohit Roy\git\Katalon-Project\Test Cases\firstcry.tc</property>
  <property name="tag"></property>
  <property name="isOptional">false</property>
  <property name="currentRetryCount">0</property>
</record>
<record>
  <date>2024-10-13T08:07:28.018754600Z</date>
  <millis>1728806848018</millis>
  <nanos>754600</nanos>
  <sequence>283</sequence>
  <level>START</level>
  <class>com.kms.katalon.core.logging.XmlKeywordLogger</class>
  <method>startKeyword</method>
  <thread>1</thread>
  <message>Start action : openBrowser(&amp;quot;&amp;quot;)</message>
  <nestedLevel>1</nestedLevel>
  <escapedJava>false</escapedJava>
  <property name="startLine">20</property>
  <property name="stepIndex">1</property>
</record>
<record>
  <date>2024-10-13T08:07:28.020747600Z</date>
  <millis>1728806848020</millis>
  <nanos>747600</nanos>
  <sequence>285</sequence>
  <level>INFO</level>
  <class>com.kms.katalon.core.logging.XmlKeywordLogger</class>
  <method>logMessage</method>
  <thread>1</thread>
  <message>Starting &amp;apos;Chrome&amp;apos; driver</message>
  <nestedLevel>1</nestedLevel>
  <escapedJava>false</escapedJava>
</record>
<record>
  <date>2024-10-13T08:07:28.021800500Z</date>
  <millis>1728806848021</millis>
  <nanos>800500</nanos>
  <sequence>287</sequence>
  <level>INFO</level>
  <class>com.kms.katalon.core.logging.XmlKeywordLogger</class>
  <method>logMessage</method>
  <thread>1</thread>
  <message>Action delay is set to 0 milliseconds</message>
  <nestedLevel>1</nestedLevel>
  <escapedJava>false</escapedJava>
</record>
<record>
  <date>2024-10-13T08:07:28.749599100Z</date>
  <millis>1728806848749</millis>
  <nanos>599100</nanos>
  <sequence>289</sequence>
  <level>RUN_DATA</level>
  <class>com.kms.katalon.core.logging.XmlKeywordLogger</class>
  <method>logMessage</method>
  <thread>1</thread>
  <message>sessionId = 7ed1d3f9506922a0faa19153b40e9f78</message>
  <nestedLevel>1</nestedLevel>
  <escapedJava>false</escapedJava>
  <property name="sessionId">7ed1d3f9506922a0faa19153b40e9f78</property>
</record>
<record>
  <date>2024-10-13T08:07:28.775275300Z</date>
  <millis>1728806848775</millis>
  <nanos>275300</nanos>
  <sequence>290</sequence>
  <level>RUN_DATA</level>
  <class>com.kms.katalon.core.logging.XmlKeywordLogger</class>
  <method>logMessage</method>
  <thread>1</thread>
  <message>browser = Chrome 130.0.0.0</message>
  <nestedLevel>1</nestedLevel>
  <escapedJava>false</escapedJava>
  <property name="browser">Chrome 130.0.0.0</property>
</record>
<record>
  <date>2024-10-13T08:07:28.788184700Z</date>
  <millis>1728806848788</millis>
  <nanos>184700</nanos>
  <sequence>291</sequence>
  <level>RUN_DATA</level>
  <class>com.kms.katalon.core.logging.XmlKeywordLogger</class>
  <method>logMessage</method>
  <thread>1</thread>
  <message>platform = Windows 11</message>
  <nestedLevel>1</nestedLevel>
  <escapedJava>false</escapedJava>
  <property name="platform">Windows 11</property>
</record>
<record>
  <date>2024-10-13T08:07:28.789189200Z</date>
  <millis>1728806848789</millis>
  <nanos>189200</nanos>
  <sequence>292</sequence>
  <level>RUN_DATA</level>
  <class>com.kms.katalon.core.logging.XmlKeywordLogger</class>
  <method>logMessage</method>
  <thread>1</thread>
  <message>seleniumVersion = 3.141.59</message>
  <nestedLevel>1</nestedLevel>
  <escapedJava>false</escapedJava>
  <property name="seleniumVersion">3.141.59</property>
</record>
<record>
  <date>2024-10-13T08:07:28.791181400Z</date>
  <millis>1728806848791</millis>
  <nanos>181400</nanos>
  <sequence>293</sequence>
  <level>RUN_DATA</level>
  <class>com.kms.katalon.core.logging.XmlKeywordLogger</class>
  <method>logMessage</method>
  <thread>1</thread>
  <message>proxyInformation = ProxyInformation { proxyOption=NO_PROXY, proxyServerType=HTTP, username=, password=********, proxyServerAddress=, proxyServerPort=0, executionList=&amp;quot;&amp;quot;, isApplyToDesiredCapabilities=true }</message>
  <nestedLevel>1</nestedLevel>
  <escapedJava>false</escapedJava>
  <property name="proxyInformation">ProxyInformation { proxyOption=NO_PROXY, proxyServerType=HTTP, username=, password=********, proxyServerAddress=, proxyServerPort=0, executionList=&quot;&quot;, isApplyToDesiredCapabilities=true }</property>
</record>
<record>
  <date>2024-10-13T08:07:28.799144400Z</date>
  <millis>1728806848799</millis>
  <nanos>144400</nanos>
  <sequence>294</sequence>
  <level>PASSED</level>
  <class>com.kms.katalon.core.logging.XmlKeywordLogger</class>
  <method>logMessage</method>
  <thread>1</thread>
  <message>Browser is opened with url: &amp;apos;&amp;apos;</message>
  <nestedLevel>1</nestedLevel>
  <escapedJava>false</escapedJava>
  <property name="testops-method-name">com.kms.katalon.core.webui.keyword.builtin.OpenBrowserKeyword.openBrowser</property>
  <property name="testops-execution-stacktrace"></property>
</record>
<record>
  <date>2024-10-13T08:07:28.802250200Z</date>
  <millis>1728806848802</millis>
  <nanos>250200</nanos>
  <sequence>295</sequence>
  <level>END</level>
  <class>com.kms.katalon.core.logging.XmlKeywordLogger</class>
  <method>endKeyword</method>
  <thread>1</thread>
  <message>End action : openBrowser(&amp;quot;&amp;quot;)</message>
  <nestedLevel>1</nestedLevel>
  <escapedJava>false</escapedJava>
</record>
<record>
  <date>2024-10-13T08:07:28.802250200Z</date>
  <millis>1728806848802</millis>
  <nanos>250200</nanos>
  <sequence>296</sequence>
  <level>START</level>
  <class>com.kms.katalon.core.logging.XmlKeywordLogger</class>
  <method>startKeyword</method>
  <thread>1</thread>
  <message>Start action : navigateToUrl(&amp;quot;https://www.firstcry.com/&amp;quot;)</message>
  <nestedLevel>1</nestedLevel>
  <escapedJava>false</escapedJava>
  <property name="startLine">22</property>
  <property name="stepIndex">2</property>
</record>
<record>
  <date>2024-10-13T08:07:32.248013400Z</date>
  <millis>1728806852248</millis>
  <nanos>13400</nanos>
  <sequence>299</sequence>
  <level>PASSED</level>
  <class>com.kms.katalon.core.logging.XmlKeywordLogger</class>
  <method>logMessage</method>
  <thread>1</thread>
  <message>Navigate to &amp;apos;https://www.firstcry.com/&amp;apos; successfully</message>
  <nestedLevel>1</nestedLevel>
  <escapedJava>false</escapedJava>
  <property name="testops-method-name">com.kms.katalon.core.webui.keyword.builtin.NavigateToUrlKeyword.navigateToUrl</property>
  <property name="testops-execution-stacktrace"></property>
</record>
<record>
  <date>2024-10-13T08:07:32.251002100Z</date>
  <millis>1728806852251</millis>
  <nanos>2100</nanos>
  <sequence>300</sequence>
  <level>END</level>
  <class>com.kms.katalon.core.logging.XmlKeywordLogger</class>
  <method>endKeyword</method>
  <thread>1</thread>
  <message>End action : navigateToUrl(&amp;quot;https://www.firstcry.com/&amp;quot;)</message>
  <nestedLevel>1</nestedLevel>
  <escapedJava>false</escapedJava>
</record>
<record>
  <date>2024-10-13T08:07:32.251002100Z</date>
  <millis>1728806852251</millis>
  <nanos>2100</nanos>
  <sequence>301</sequence>
  <level>START</level>
  <class>com.kms.katalon.core.logging.XmlKeywordLogger</class>
  <method>startKeyword</method>
  <thread>1</thread>
  <message>Start action : closeBrowser()</message>
  <nestedLevel>1</nestedLevel>
  <escapedJava>false</escapedJava>
  <property name="startLine">24</property>
  <property name="stepIndex">3</property>
</record>
<record>
  <date>2024-10-13T08:07:32.380382200Z</date>
  <millis>1728806852380</millis>
  <nanos>382200</nanos>
  <sequence>303</sequence>
  <level>PASSED</level>
  <class>com.kms.katalon.core.logging.XmlKeywordLogger</class>
  <method>logMessage</method>
  <thread>1</thread>
  <message>Browser is closed</message>
  <nestedLevel>1</nestedLevel>
  <escapedJava>false</escapedJava>
  <property name="testops-method-name">com.kms.katalon.core.webui.keyword.builtin.CloseBrowserKeyword.closeBrowser</property>
  <property name="testops-execution-stacktrace"></property>
</record>
<record>
  <date>2024-10-13T08:07:32.381379900Z</date>
  <millis>1728806852381</millis>
  <nanos>379900</nanos>
  <sequence>304</sequence>
  <level>END</level>
  <class>com.kms.katalon.core.logging.XmlKeywordLogger</class>
  <method>endKeyword</method>
  <thread>1</thread>
  <message>End action : closeBrowser()</message>
  <nestedLevel>1</nestedLevel>
  <escapedJava>false</escapedJava>
</record>
<record>
  <date>2024-10-13T08:07:32.382375300Z</date>
  <millis>1728806852382</millis>
  <nanos>375300</nanos>
  <sequence>305</sequence>
  <level>PASSED</level>
  <class>com.kms.katalon.core.logging.XmlKeywordLogger</class>
  <method>logMessage</method>
  <thread>1</thread>
  <message>Test Cases/firstcry</message>
  <nestedLevel>1</nestedLevel>
  <escapedJava>false</escapedJava>
</record>
<record>
  <date>2024-10-13T08:07:32.384367800Z</date>
  <millis>1728806852384</millis>
  <nanos>367800</nanos>
  <sequence>306</sequence>
  <level>END</level>
  <class>com.kms.katalon.core.logging.XmlKeywordLogger</class>
  <method>endTest</method>
  <thread>1</thread>
  <message>End Test Case : Test Cases/firstcry</message>
  <nestedLevel>0</nestedLevel>
  <escapedJava>false</escapedJava>
  <property name="executionBindingVariables">[]</property>
  <property name="applitools">false</property>
  <property name="remainingRetryCount">3</property>
  <property name="currentRetryCount">0</property>
  <property name="keywordsUsage">{
  &quot;web_ui&quot;: true,
  &quot;web_service&quot;: false,
  &quot;cucumber&quot;: false,
  &quot;builtin&quot;: false,
  &quot;mobile&quot;: false,
  &quot;windows&quot;: false,
  &quot;testng&quot;: false
}</property>
</record>
<record>
  <date>2024-10-13T08:07:32.391441800Z</date>
  <millis>1728806852391</millis>
  <nanos>441800</nanos>
  <sequence>307</sequence>
  <level>START</level>
  <class>com.kms.katalon.core.logging.XmlKeywordLogger</class>
  <method>startTest</method>
  <thread>1</thread>
  <message>Start Test Case : Test Cases/swiggy</message>
  <nestedLevel>1</nestedLevel>
  <escapedJava>false</escapedJava>
  <property name="remainingRetryCount">3</property>
  <property name="name">Test Cases/swiggy</property>
  <property name="description"></property>
  <property name="iteration"></property>
  <property name="id">Test Cases/swiggy</property>
  <property name="source">C:\Users\Rohit Roy\git\Katalon-Project\Test Cases\swiggy.tc</property>
  <property name="tag"></property>
  <property name="isOptional">false</property>
  <property name="currentRetryCount">0</property>
</record>
<record>
  <date>2024-10-13T08:07:32.446171200Z</date>
  <millis>1728806852446</millis>
  <nanos>171200</nanos>
  <sequence>309</sequence>
  <level>START</level>
  <class>com.kms.katalon.core.logging.XmlKeywordLogger</class>
  <method>startKeyword</method>
  <thread>1</thread>
  <message>Start action : openBrowser(&amp;quot;&amp;quot;)</message>
  <nestedLevel>1</nestedLevel>
  <escapedJava>false</escapedJava>
  <property name="startLine">20</property>
  <property name="stepIndex">1</property>
</record>
<record>
  <date>2024-10-13T08:07:32.464435600Z</date>
  <millis>1728806852464</millis>
  <nanos>435600</nanos>
  <sequence>311</sequence>
  <level>INFO</level>
  <class>com.kms.katalon.core.logging.XmlKeywordLogger</class>
  <method>logMessage</method>
  <thread>1</thread>
  <message>Starting &amp;apos;Chrome&amp;apos; driver</message>
  <nestedLevel>1</nestedLevel>
  <escapedJava>false</escapedJava>
</record>
<record>
  <date>2024-10-13T08:07:32.466381500Z</date>
  <millis>1728806852466</millis>
  <nanos>381500</nanos>
  <sequence>313</sequence>
  <level>INFO</level>
  <class>com.kms.katalon.core.logging.XmlKeywordLogger</class>
  <method>logMessage</method>
  <thread>1</thread>
  <message>Action delay is set to 0 milliseconds</message>
  <nestedLevel>1</nestedLevel>
  <escapedJava>false</escapedJava>
</record>
<record>
  <date>2024-10-13T08:07:33.174211Z</date>
  <millis>1728806853174</millis>
  <nanos>211000</nanos>
  <sequence>315</sequence>
  <level>RUN_DATA</level>
  <class>com.kms.katalon.core.logging.XmlKeywordLogger</class>
  <method>logMessage</method>
  <thread>1</thread>
  <message>sessionId = 6e39dbec930c2cd4bb56974bad9b8c6f</message>
  <nestedLevel>1</nestedLevel>
  <escapedJava>false</escapedJava>
  <property name="sessionId">6e39dbec930c2cd4bb56974bad9b8c6f</property>
</record>
<record>
  <date>2024-10-13T08:07:33.197902200Z</date>
  <millis>1728806853197</millis>
  <nanos>902200</nanos>
  <sequence>316</sequence>
  <level>RUN_DATA</level>
  <class>com.kms.katalon.core.logging.XmlKeywordLogger</class>
  <method>logMessage</method>
  <thread>1</thread>
  <message>browser = Chrome 130.0.0.0</message>
  <nestedLevel>1</nestedLevel>
  <escapedJava>false</escapedJava>
  <property name="browser">Chrome 130.0.0.0</property>
</record>
<record>
  <date>2024-10-13T08:07:33.210596400Z</date>
  <millis>1728806853210</millis>
  <nanos>596400</nanos>
  <sequence>317</sequence>
  <level>RUN_DATA</level>
  <class>com.kms.katalon.core.logging.XmlKeywordLogger</class>
  <method>logMessage</method>
  <thread>1</thread>
  <message>platform = Windows 11</message>
  <nestedLevel>1</nestedLevel>
  <escapedJava>false</escapedJava>
  <property name="platform">Windows 11</property>
</record>
<record>
  <date>2024-10-13T08:07:33.210596400Z</date>
  <millis>1728806853210</millis>
  <nanos>596400</nanos>
  <sequence>318</sequence>
  <level>RUN_DATA</level>
  <class>com.kms.katalon.core.logging.XmlKeywordLogger</class>
  <method>logMessage</method>
  <thread>1</thread>
  <message>seleniumVersion = 3.141.59</message>
  <nestedLevel>1</nestedLevel>
  <escapedJava>false</escapedJava>
  <property name="seleniumVersion">3.141.59</property>
</record>
<record>
  <date>2024-10-13T08:07:33.211608900Z</date>
  <millis>1728806853211</millis>
  <nanos>608900</nanos>
  <sequence>319</sequence>
  <level>RUN_DATA</level>
  <class>com.kms.katalon.core.logging.XmlKeywordLogger</class>
  <method>logMessage</method>
  <thread>1</thread>
  <message>proxyInformation = ProxyInformation { proxyOption=NO_PROXY, proxyServerType=HTTP, username=, password=********, proxyServerAddress=, proxyServerPort=0, executionList=&amp;quot;&amp;quot;, isApplyToDesiredCapabilities=true }</message>
  <nestedLevel>1</nestedLevel>
  <escapedJava>false</escapedJava>
  <property name="proxyInformation">ProxyInformation { proxyOption=NO_PROXY, proxyServerType=HTTP, username=, password=********, proxyServerAddress=, proxyServerPort=0, executionList=&quot;&quot;, isApplyToDesiredCapabilities=true }</property>
</record>
<record>
  <date>2024-10-13T08:07:33.221570900Z</date>
  <millis>1728806853221</millis>
  <nanos>570900</nanos>
  <sequence>320</sequence>
  <level>PASSED</level>
  <class>com.kms.katalon.core.logging.XmlKeywordLogger</class>
  <method>logMessage</method>
  <thread>1</thread>
  <message>Browser is opened with url: &amp;apos;&amp;apos;</message>
  <nestedLevel>1</nestedLevel>
  <escapedJava>false</escapedJava>
  <property name="testops-method-name">com.kms.katalon.core.webui.keyword.builtin.OpenBrowserKeyword.openBrowser</property>
  <property name="testops-execution-stacktrace"></property>
</record>
<record>
  <date>2024-10-13T08:07:33.226561700Z</date>
  <millis>1728806853226</millis>
  <nanos>561700</nanos>
  <sequence>321</sequence>
  <level>END</level>
  <class>com.kms.katalon.core.logging.XmlKeywordLogger</class>
  <method>endKeyword</method>
  <thread>1</thread>
  <message>End action : openBrowser(&amp;quot;&amp;quot;)</message>
  <nestedLevel>1</nestedLevel>
  <escapedJava>false</escapedJava>
</record>
<record>
  <date>2024-10-13T08:07:33.227560800Z</date>
  <millis>1728806853227</millis>
  <nanos>560800</nanos>
  <sequence>322</sequence>
  <level>START</level>
  <class>com.kms.katalon.core.logging.XmlKeywordLogger</class>
  <method>startKeyword</method>
  <thread>1</thread>
  <message>Start action : navigateToUrl(&amp;quot;https://www.swiggy.com/&amp;quot;)</message>
  <nestedLevel>1</nestedLevel>
  <escapedJava>false</escapedJava>
  <property name="startLine">22</property>
  <property name="stepIndex">2</property>
</record>
<record>
  <date>2024-10-13T08:07:34.559628700Z</date>
  <millis>1728806854559</millis>
  <nanos>628700</nanos>
  <sequence>325</sequence>
  <level>PASSED</level>
  <class>com.kms.katalon.core.logging.XmlKeywordLogger</class>
  <method>logMessage</method>
  <thread>1</thread>
  <message>Navigate to &amp;apos;https://www.swiggy.com/&amp;apos; successfully</message>
  <nestedLevel>1</nestedLevel>
  <escapedJava>false</escapedJava>
  <property name="testops-method-name">com.kms.katalon.core.webui.keyword.builtin.NavigateToUrlKeyword.navigateToUrl</property>
  <property name="testops-execution-stacktrace"></property>
</record>
<record>
  <date>2024-10-13T08:07:34.560627Z</date>
  <millis>1728806854560</millis>
  <nanos>627000</nanos>
  <sequence>326</sequence>
  <level>END</level>
  <class>com.kms.katalon.core.logging.XmlKeywordLogger</class>
  <method>endKeyword</method>
  <thread>1</thread>
  <message>End action : navigateToUrl(&amp;quot;https://www.swiggy.com/&amp;quot;)</message>
  <nestedLevel>1</nestedLevel>
  <escapedJava>false</escapedJava>
</record>
<record>
  <date>2024-10-13T08:07:34.560627Z</date>
  <millis>1728806854560</millis>
  <nanos>627000</nanos>
  <sequence>327</sequence>
  <level>START</level>
  <class>com.kms.katalon.core.logging.XmlKeywordLogger</class>
  <method>startKeyword</method>
  <thread>1</thread>
  <message>Start action : closeBrowser()</message>
  <nestedLevel>1</nestedLevel>
  <escapedJava>false</escapedJava>
  <property name="startLine">24</property>
  <property name="stepIndex">3</property>
</record>
<record>
  <date>2024-10-13T08:07:34.673664800Z</date>
  <millis>1728806854673</millis>
  <nanos>664800</nanos>
  <sequence>329</sequence>
  <level>PASSED</level>
  <class>com.kms.katalon.core.logging.XmlKeywordLogger</class>
  <method>logMessage</method>
  <thread>1</thread>
  <message>Browser is closed</message>
  <nestedLevel>1</nestedLevel>
  <escapedJava>false</escapedJava>
  <property name="testops-method-name">com.kms.katalon.core.webui.keyword.builtin.CloseBrowserKeyword.closeBrowser</property>
  <property name="testops-execution-stacktrace"></property>
</record>
<record>
  <date>2024-10-13T08:07:34.673664800Z</date>
  <millis>1728806854673</millis>
  <nanos>664800</nanos>
  <sequence>330</sequence>
  <level>END</level>
  <class>com.kms.katalon.core.logging.XmlKeywordLogger</class>
  <method>endKeyword</method>
  <thread>1</thread>
  <message>End action : closeBrowser()</message>
  <nestedLevel>1</nestedLevel>
  <escapedJava>false</escapedJava>
</record>
<record>
  <date>2024-10-13T08:07:34.674662900Z</date>
  <millis>1728806854674</millis>
  <nanos>662900</nanos>
  <sequence>331</sequence>
  <level>PASSED</level>
  <class>com.kms.katalon.core.logging.XmlKeywordLogger</class>
  <method>logMessage</method>
  <thread>1</thread>
  <message>Test Cases/swiggy</message>
  <nestedLevel>1</nestedLevel>
  <escapedJava>false</escapedJava>
</record>
<record>
  <date>2024-10-13T08:07:34.675660200Z</date>
  <millis>1728806854675</millis>
  <nanos>660200</nanos>
  <sequence>332</sequence>
  <level>END</level>
  <class>com.kms.katalon.core.logging.XmlKeywordLogger</class>
  <method>endTest</method>
  <thread>1</thread>
  <message>End Test Case : Test Cases/swiggy</message>
  <nestedLevel>0</nestedLevel>
  <escapedJava>false</escapedJava>
  <property name="executionBindingVariables">[]</property>
  <property name="applitools">false</property>
  <property name="remainingRetryCount">3</property>
  <property name="currentRetryCount">0</property>
  <property name="keywordsUsage">{
  &quot;web_ui&quot;: true,
  &quot;web_service&quot;: false,
  &quot;cucumber&quot;: false,
  &quot;builtin&quot;: false,
  &quot;mobile&quot;: false,
  &quot;windows&quot;: false,
  &quot;testng&quot;: false
}</property>
</record>
<record>
  <date>2024-10-13T08:07:34.680644600Z</date>
  <millis>1728806854680</millis>
  <nanos>644600</nanos>
  <sequence>333</sequence>
  <level>START</level>
  <class>com.kms.katalon.core.logging.XmlKeywordLogger</class>
  <method>startTest</method>
  <thread>1</thread>
  <message>Start Test Case : Test Cases/zomato</message>
  <nestedLevel>1</nestedLevel>
  <escapedJava>false</escapedJava>
  <property name="remainingRetryCount">3</property>
  <property name="name">Test Cases/zomato</property>
  <property name="description"></property>
  <property name="iteration"></property>
  <property name="id">Test Cases/zomato</property>
  <property name="source">C:\Users\Rohit Roy\git\Katalon-Project\Test Cases\zomato.tc</property>
  <property name="tag"></property>
  <property name="isOptional">false</property>
  <property name="currentRetryCount">0</property>
</record>
<record>
  <date>2024-10-13T08:07:34.717052900Z</date>
  <millis>1728806854717</millis>
  <nanos>52900</nanos>
  <sequence>335</sequence>
  <level>START</level>
  <class>com.kms.katalon.core.logging.XmlKeywordLogger</class>
  <method>startKeyword</method>
  <thread>1</thread>
  <message>Start action : openBrowser(&amp;quot;&amp;quot;)</message>
  <nestedLevel>1</nestedLevel>
  <escapedJava>false</escapedJava>
  <property name="startLine">20</property>
  <property name="stepIndex">1</property>
</record>
<record>
  <date>2024-10-13T08:07:34.724027200Z</date>
  <millis>1728806854724</millis>
  <nanos>27200</nanos>
  <sequence>337</sequence>
  <level>INFO</level>
  <class>com.kms.katalon.core.logging.XmlKeywordLogger</class>
  <method>logMessage</method>
  <thread>1</thread>
  <message>Starting &amp;apos;Chrome&amp;apos; driver</message>
  <nestedLevel>1</nestedLevel>
  <escapedJava>false</escapedJava>
</record>
<record>
  <date>2024-10-13T08:07:34.729010500Z</date>
  <millis>1728806854729</millis>
  <nanos>10500</nanos>
  <sequence>339</sequence>
  <level>INFO</level>
  <class>com.kms.katalon.core.logging.XmlKeywordLogger</class>
  <method>logMessage</method>
  <thread>1</thread>
  <message>Action delay is set to 0 milliseconds</message>
  <nestedLevel>1</nestedLevel>
  <escapedJava>false</escapedJava>
</record>
<record>
  <date>2024-10-13T08:07:35.435740700Z</date>
  <millis>1728806855435</millis>
  <nanos>740700</nanos>
  <sequence>341</sequence>
  <level>RUN_DATA</level>
  <class>com.kms.katalon.core.logging.XmlKeywordLogger</class>
  <method>logMessage</method>
  <thread>1</thread>
  <message>sessionId = ebb14f9da8b748443b4c1ba5db57356f</message>
  <nestedLevel>1</nestedLevel>
  <escapedJava>false</escapedJava>
  <property name="sessionId">ebb14f9da8b748443b4c1ba5db57356f</property>
</record>
<record>
  <date>2024-10-13T08:07:35.456413400Z</date>
  <millis>1728806855456</millis>
  <nanos>413400</nanos>
  <sequence>342</sequence>
  <level>RUN_DATA</level>
  <class>com.kms.katalon.core.logging.XmlKeywordLogger</class>
  <method>logMessage</method>
  <thread>1</thread>
  <message>browser = Chrome 130.0.0.0</message>
  <nestedLevel>1</nestedLevel>
  <escapedJava>false</escapedJava>
  <property name="browser">Chrome 130.0.0.0</property>
</record>
<record>
  <date>2024-10-13T08:07:35.473093600Z</date>
  <millis>1728806855473</millis>
  <nanos>93600</nanos>
  <sequence>343</sequence>
  <level>RUN_DATA</level>
  <class>com.kms.katalon.core.logging.XmlKeywordLogger</class>
  <method>logMessage</method>
  <thread>1</thread>
  <message>platform = Windows 11</message>
  <nestedLevel>1</nestedLevel>
  <escapedJava>false</escapedJava>
  <property name="platform">Windows 11</property>
</record>
<record>
  <date>2024-10-13T08:07:35.473093600Z</date>
  <millis>1728806855473</millis>
  <nanos>93600</nanos>
  <sequence>344</sequence>
  <level>RUN_DATA</level>
  <class>com.kms.katalon.core.logging.XmlKeywordLogger</class>
  <method>logMessage</method>
  <thread>1</thread>
  <message>seleniumVersion = 3.141.59</message>
  <nestedLevel>1</nestedLevel>
  <escapedJava>false</escapedJava>
  <property name="seleniumVersion">3.141.59</property>
</record>
<record>
  <date>2024-10-13T08:07:35.475091100Z</date>
  <millis>1728806855475</millis>
  <nanos>91100</nanos>
  <sequence>345</sequence>
  <level>RUN_DATA</level>
  <class>com.kms.katalon.core.logging.XmlKeywordLogger</class>
  <method>logMessage</method>
  <thread>1</thread>
  <message>proxyInformation = ProxyInformation { proxyOption=NO_PROXY, proxyServerType=HTTP, username=, password=********, proxyServerAddress=, proxyServerPort=0, executionList=&amp;quot;&amp;quot;, isApplyToDesiredCapabilities=true }</message>
  <nestedLevel>1</nestedLevel>
  <escapedJava>false</escapedJava>
  <property name="proxyInformation">ProxyInformation { proxyOption=NO_PROXY, proxyServerType=HTTP, username=, password=********, proxyServerAddress=, proxyServerPort=0, executionList=&quot;&quot;, isApplyToDesiredCapabilities=true }</property>
</record>
<record>
  <date>2024-10-13T08:07:35.486050900Z</date>
  <millis>1728806855486</millis>
  <nanos>50900</nanos>
  <sequence>346</sequence>
  <level>PASSED</level>
  <class>com.kms.katalon.core.logging.XmlKeywordLogger</class>
  <method>logMessage</method>
  <thread>1</thread>
  <message>Browser is opened with url: &amp;apos;&amp;apos;</message>
  <nestedLevel>1</nestedLevel>
  <escapedJava>false</escapedJava>
  <property name="testops-method-name">com.kms.katalon.core.webui.keyword.builtin.OpenBrowserKeyword.openBrowser</property>
  <property name="testops-execution-stacktrace"></property>
</record>
<record>
  <date>2024-10-13T08:07:35.490034Z</date>
  <millis>1728806855490</millis>
  <nanos>34000</nanos>
  <sequence>347</sequence>
  <level>END</level>
  <class>com.kms.katalon.core.logging.XmlKeywordLogger</class>
  <method>endKeyword</method>
  <thread>1</thread>
  <message>End action : openBrowser(&amp;quot;&amp;quot;)</message>
  <nestedLevel>1</nestedLevel>
  <escapedJava>false</escapedJava>
</record>
<record>
  <date>2024-10-13T08:07:35.490034Z</date>
  <millis>1728806855490</millis>
  <nanos>34000</nanos>
  <sequence>348</sequence>
  <level>START</level>
  <class>com.kms.katalon.core.logging.XmlKeywordLogger</class>
  <method>startKeyword</method>
  <thread>1</thread>
  <message>Start action : navigateToUrl(&amp;quot;https://www.zomato.com/&amp;quot;)</message>
  <nestedLevel>1</nestedLevel>
  <escapedJava>false</escapedJava>
  <property name="startLine">22</property>
  <property name="stepIndex">2</property>
</record>
<record>
  <date>2024-10-13T08:07:38.091345100Z</date>
  <millis>1728806858091</millis>
  <nanos>345100</nanos>
  <sequence>351</sequence>
  <level>PASSED</level>
  <class>com.kms.katalon.core.logging.XmlKeywordLogger</class>
  <method>logMessage</method>
  <thread>1</thread>
  <message>Navigate to &amp;apos;https://www.zomato.com/&amp;apos; successfully</message>
  <nestedLevel>1</nestedLevel>
  <escapedJava>false</escapedJava>
  <property name="testops-method-name">com.kms.katalon.core.webui.keyword.builtin.NavigateToUrlKeyword.navigateToUrl</property>
  <property name="testops-execution-stacktrace"></property>
</record>
<record>
  <date>2024-10-13T08:07:38.095337200Z</date>
  <millis>1728806858095</millis>
  <nanos>337200</nanos>
  <sequence>352</sequence>
  <level>END</level>
  <class>com.kms.katalon.core.logging.XmlKeywordLogger</class>
  <method>endKeyword</method>
  <thread>1</thread>
  <message>End action : navigateToUrl(&amp;quot;https://www.zomato.com/&amp;quot;)</message>
  <nestedLevel>1</nestedLevel>
  <escapedJava>false</escapedJava>
</record>
<record>
  <date>2024-10-13T08:07:38.096330600Z</date>
  <millis>1728806858096</millis>
  <nanos>330600</nanos>
  <sequence>353</sequence>
  <level>START</level>
  <class>com.kms.katalon.core.logging.XmlKeywordLogger</class>
  <method>startKeyword</method>
  <thread>1</thread>
  <message>Start action : closeBrowser()</message>
  <nestedLevel>1</nestedLevel>
  <escapedJava>false</escapedJava>
  <property name="startLine">24</property>
  <property name="stepIndex">3</property>
</record>
<record>
  <date>2024-10-13T08:07:38.286819600Z</date>
  <millis>1728806858286</millis>
  <nanos>819600</nanos>
  <sequence>355</sequence>
  <level>PASSED</level>
  <class>com.kms.katalon.core.logging.XmlKeywordLogger</class>
  <method>logMessage</method>
  <thread>1</thread>
  <message>Browser is closed</message>
  <nestedLevel>1</nestedLevel>
  <escapedJava>false</escapedJava>
  <property name="testops-method-name">com.kms.katalon.core.webui.keyword.builtin.CloseBrowserKeyword.closeBrowser</property>
  <property name="testops-execution-stacktrace"></property>
</record>
<record>
  <date>2024-10-13T08:07:38.286819600Z</date>
  <millis>1728806858286</millis>
  <nanos>819600</nanos>
  <sequence>356</sequence>
  <level>END</level>
  <class>com.kms.katalon.core.logging.XmlKeywordLogger</class>
  <method>endKeyword</method>
  <thread>1</thread>
  <message>End action : closeBrowser()</message>
  <nestedLevel>1</nestedLevel>
  <escapedJava>false</escapedJava>
</record>
<record>
  <date>2024-10-13T08:07:38.286819600Z</date>
  <millis>1728806858286</millis>
  <nanos>819600</nanos>
  <sequence>357</sequence>
  <level>PASSED</level>
  <class>com.kms.katalon.core.logging.XmlKeywordLogger</class>
  <method>logMessage</method>
  <thread>1</thread>
  <message>Test Cases/zomato</message>
  <nestedLevel>1</nestedLevel>
  <escapedJava>false</escapedJava>
</record>
<record>
  <date>2024-10-13T08:07:38.287813400Z</date>
  <millis>1728806858287</millis>
  <nanos>813400</nanos>
  <sequence>358</sequence>
  <level>END</level>
  <class>com.kms.katalon.core.logging.XmlKeywordLogger</class>
  <method>endTest</method>
  <thread>1</thread>
  <message>End Test Case : Test Cases/zomato</message>
  <nestedLevel>0</nestedLevel>
  <escapedJava>false</escapedJava>
  <property name="executionBindingVariables">[]</property>
  <property name="applitools">false</property>
  <property name="remainingRetryCount">3</property>
  <property name="currentRetryCount">0</property>
  <property name="keywordsUsage">{
  &quot;web_ui&quot;: true,
  &quot;web_service&quot;: false,
  &quot;cucumber&quot;: false,
  &quot;builtin&quot;: false,
  &quot;mobile&quot;: false,
  &quot;windows&quot;: false,
  &quot;testng&quot;: false
}</property>
</record>
<record>
  <date>2024-10-13T08:07:38.292800200Z</date>
  <millis>1728806858292</millis>
  <nanos>800200</nanos>
  <sequence>359</sequence>
  <level>START</level>
  <class>com.kms.katalon.core.logging.XmlKeywordLogger</class>
  <method>startTest</method>
  <thread>1</thread>
  <message>Start Test Case : Test Cases/bigbasket</message>
  <nestedLevel>1</nestedLevel>
  <escapedJava>false</escapedJava>
  <property name="remainingRetryCount">3</property>
  <property name="name">Test Cases/bigbasket</property>
  <property name="description"></property>
  <property name="iteration"></property>
  <property name="id">Test Cases/bigbasket</property>
  <property name="source">C:\Users\Rohit Roy\git\Katalon-Project\Test Cases\bigbasket.tc</property>
  <property name="tag"></property>
  <property name="isOptional">false</property>
  <property name="currentRetryCount">0</property>
</record>
<record>
  <date>2024-10-13T08:07:38.320700600Z</date>
  <millis>1728806858320</millis>
  <nanos>700600</nanos>
  <sequence>361</sequence>
  <level>START</level>
  <class>com.kms.katalon.core.logging.XmlKeywordLogger</class>
  <method>startKeyword</method>
  <thread>1</thread>
  <message>Start action : openBrowser(&amp;quot;&amp;quot;)</message>
  <nestedLevel>1</nestedLevel>
  <escapedJava>false</escapedJava>
  <property name="startLine">20</property>
  <property name="stepIndex">1</property>
</record>
<record>
  <date>2024-10-13T08:07:38.322693800Z</date>
  <millis>1728806858322</millis>
  <nanos>693800</nanos>
  <sequence>363</sequence>
  <level>INFO</level>
  <class>com.kms.katalon.core.logging.XmlKeywordLogger</class>
  <method>logMessage</method>
  <thread>1</thread>
  <message>Starting &amp;apos;Chrome&amp;apos; driver</message>
  <nestedLevel>1</nestedLevel>
  <escapedJava>false</escapedJava>
</record>
<record>
  <date>2024-10-13T08:07:38.323690300Z</date>
  <millis>1728806858323</millis>
  <nanos>690300</nanos>
  <sequence>365</sequence>
  <level>INFO</level>
  <class>com.kms.katalon.core.logging.XmlKeywordLogger</class>
  <method>logMessage</method>
  <thread>1</thread>
  <message>Action delay is set to 0 milliseconds</message>
  <nestedLevel>1</nestedLevel>
  <escapedJava>false</escapedJava>
</record>
<record>
  <date>2024-10-13T08:07:38.891558100Z</date>
  <millis>1728806858891</millis>
  <nanos>558100</nanos>
  <sequence>367</sequence>
  <level>RUN_DATA</level>
  <class>com.kms.katalon.core.logging.XmlKeywordLogger</class>
  <method>logMessage</method>
  <thread>1</thread>
  <message>sessionId = 8c1c77400033ec0b5f8e44de9be3dfd3</message>
  <nestedLevel>1</nestedLevel>
  <escapedJava>false</escapedJava>
  <property name="sessionId">8c1c77400033ec0b5f8e44de9be3dfd3</property>
</record>
<record>
  <date>2024-10-13T08:07:38.897537600Z</date>
  <millis>1728806858897</millis>
  <nanos>537600</nanos>
  <sequence>368</sequence>
  <level>RUN_DATA</level>
  <class>com.kms.katalon.core.logging.XmlKeywordLogger</class>
  <method>logMessage</method>
  <thread>1</thread>
  <message>browser = Chrome 130.0.0.0</message>
  <nestedLevel>1</nestedLevel>
  <escapedJava>false</escapedJava>
  <property name="browser">Chrome 130.0.0.0</property>
</record>
<record>
  <date>2024-10-13T08:07:38.897537600Z</date>
  <millis>1728806858897</millis>
  <nanos>537600</nanos>
  <sequence>369</sequence>
  <level>RUN_DATA</level>
  <class>com.kms.katalon.core.logging.XmlKeywordLogger</class>
  <method>logMessage</method>
  <thread>1</thread>
  <message>platform = Windows 11</message>
  <nestedLevel>1</nestedLevel>
  <escapedJava>false</escapedJava>
  <property name="platform">Windows 11</property>
</record>
<record>
  <date>2024-10-13T08:07:38.897537600Z</date>
  <millis>1728806858897</millis>
  <nanos>537600</nanos>
  <sequence>370</sequence>
  <level>RUN_DATA</level>
  <class>com.kms.katalon.core.logging.XmlKeywordLogger</class>
  <method>logMessage</method>
  <thread>1</thread>
  <message>seleniumVersion = 3.141.59</message>
  <nestedLevel>1</nestedLevel>
  <escapedJava>false</escapedJava>
  <property name="seleniumVersion">3.141.59</property>
</record>
<record>
  <date>2024-10-13T08:07:38.897537600Z</date>
  <millis>1728806858897</millis>
  <nanos>537600</nanos>
  <sequence>371</sequence>
  <level>RUN_DATA</level>
  <class>com.kms.katalon.core.logging.XmlKeywordLogger</class>
  <method>logMessage</method>
  <thread>1</thread>
  <message>proxyInformation = ProxyInformation { proxyOption=NO_PROXY, proxyServerType=HTTP, username=, password=********, proxyServerAddress=, proxyServerPort=0, executionList=&amp;quot;&amp;quot;, isApplyToDesiredCapabilities=true }</message>
  <nestedLevel>1</nestedLevel>
  <escapedJava>false</escapedJava>
  <property name="proxyInformation">ProxyInformation { proxyOption=NO_PROXY, proxyServerType=HTTP, username=, password=********, proxyServerAddress=, proxyServerPort=0, executionList=&quot;&quot;, isApplyToDesiredCapabilities=true }</property>
</record>
<record>
  <date>2024-10-13T08:07:38.902522800Z</date>
  <millis>1728806858902</millis>
  <nanos>522800</nanos>
  <sequence>372</sequence>
  <level>PASSED</level>
  <class>com.kms.katalon.core.logging.XmlKeywordLogger</class>
  <method>logMessage</method>
  <thread>1</thread>
  <message>Browser is opened with url: &amp;apos;&amp;apos;</message>
  <nestedLevel>1</nestedLevel>
  <escapedJava>false</escapedJava>
  <property name="testops-method-name">com.kms.katalon.core.webui.keyword.builtin.OpenBrowserKeyword.openBrowser</property>
  <property name="testops-execution-stacktrace"></property>
</record>
<record>
  <date>2024-10-13T08:07:38.903517500Z</date>
  <millis>1728806858903</millis>
  <nanos>517500</nanos>
  <sequence>373</sequence>
  <level>END</level>
  <class>com.kms.katalon.core.logging.XmlKeywordLogger</class>
  <method>endKeyword</method>
  <thread>1</thread>
  <message>End action : openBrowser(&amp;quot;&amp;quot;)</message>
  <nestedLevel>1</nestedLevel>
  <escapedJava>false</escapedJava>
</record>
<record>
  <date>2024-10-13T08:07:38.903517500Z</date>
  <millis>1728806858903</millis>
  <nanos>517500</nanos>
  <sequence>374</sequence>
  <level>START</level>
  <class>com.kms.katalon.core.logging.XmlKeywordLogger</class>
  <method>startKeyword</method>
  <thread>1</thread>
  <message>Start action : navigateToUrl(&amp;quot;https://www.bigbasket.com/&amp;quot;)</message>
  <nestedLevel>1</nestedLevel>
  <escapedJava>false</escapedJava>
  <property name="startLine">22</property>
  <property name="stepIndex">2</property>
</record>
<record>
  <date>2024-10-13T08:07:42.327139Z</date>
  <millis>1728806862327</millis>
  <nanos>139000</nanos>
  <sequence>377</sequence>
  <level>PASSED</level>
  <class>com.kms.katalon.core.logging.XmlKeywordLogger</class>
  <method>logMessage</method>
  <thread>1</thread>
  <message>Navigate to &amp;apos;https://www.bigbasket.com/&amp;apos; successfully</message>
  <nestedLevel>1</nestedLevel>
  <escapedJava>false</escapedJava>
  <property name="testops-method-name">com.kms.katalon.core.webui.keyword.builtin.NavigateToUrlKeyword.navigateToUrl</property>
  <property name="testops-execution-stacktrace"></property>
</record>
<record>
  <date>2024-10-13T08:07:42.328136500Z</date>
  <millis>1728806862328</millis>
  <nanos>136500</nanos>
  <sequence>378</sequence>
  <level>END</level>
  <class>com.kms.katalon.core.logging.XmlKeywordLogger</class>
  <method>endKeyword</method>
  <thread>1</thread>
  <message>End action : navigateToUrl(&amp;quot;https://www.bigbasket.com/&amp;quot;)</message>
  <nestedLevel>1</nestedLevel>
  <escapedJava>false</escapedJava>
</record>
<record>
  <date>2024-10-13T08:07:42.328136500Z</date>
  <millis>1728806862328</millis>
  <nanos>136500</nanos>
  <sequence>379</sequence>
  <level>START</level>
  <class>com.kms.katalon.core.logging.XmlKeywordLogger</class>
  <method>startKeyword</method>
  <thread>1</thread>
  <message>Start action : closeBrowser()</message>
  <nestedLevel>1</nestedLevel>
  <escapedJava>false</escapedJava>
  <property name="startLine">24</property>
  <property name="stepIndex">3</property>
</record>
<record>
  <date>2024-10-13T08:07:42.471440600Z</date>
  <millis>1728806862471</millis>
  <nanos>440600</nanos>
  <sequence>381</sequence>
  <level>PASSED</level>
  <class>com.kms.katalon.core.logging.XmlKeywordLogger</class>
  <method>logMessage</method>
  <thread>1</thread>
  <message>Browser is closed</message>
  <nestedLevel>1</nestedLevel>
  <escapedJava>false</escapedJava>
  <property name="testops-method-name">com.kms.katalon.core.webui.keyword.builtin.CloseBrowserKeyword.closeBrowser</property>
  <property name="testops-execution-stacktrace"></property>
</record>
<record>
  <date>2024-10-13T08:07:42.471440600Z</date>
  <millis>1728806862471</millis>
  <nanos>440600</nanos>
  <sequence>382</sequence>
  <level>END</level>
  <class>com.kms.katalon.core.logging.XmlKeywordLogger</class>
  <method>endKeyword</method>
  <thread>1</thread>
  <message>End action : closeBrowser()</message>
  <nestedLevel>1</nestedLevel>
  <escapedJava>false</escapedJava>
</record>
<record>
  <date>2024-10-13T08:07:42.472439800Z</date>
  <millis>1728806862472</millis>
  <nanos>439800</nanos>
  <sequence>383</sequence>
  <level>PASSED</level>
  <class>com.kms.katalon.core.logging.XmlKeywordLogger</class>
  <method>logMessage</method>
  <thread>1</thread>
  <message>Test Cases/bigbasket</message>
  <nestedLevel>1</nestedLevel>
  <escapedJava>false</escapedJava>
</record>
<record>
  <date>2024-10-13T08:07:42.472439800Z</date>
  <millis>1728806862472</millis>
  <nanos>439800</nanos>
  <sequence>384</sequence>
  <level>END</level>
  <class>com.kms.katalon.core.logging.XmlKeywordLogger</class>
  <method>endTest</method>
  <thread>1</thread>
  <message>End Test Case : Test Cases/bigbasket</message>
  <nestedLevel>0</nestedLevel>
  <escapedJava>false</escapedJava>
  <property name="executionBindingVariables">[]</property>
  <property name="applitools">false</property>
  <property name="remainingRetryCount">3</property>
  <property name="currentRetryCount">0</property>
  <property name="keywordsUsage">{
  &quot;web_ui&quot;: true,
  &quot;web_service&quot;: false,
  &quot;cucumber&quot;: false,
  &quot;builtin&quot;: false,
  &quot;mobile&quot;: false,
  &quot;windows&quot;: false,
  &quot;testng&quot;: false
}</property>
</record>
<record>
  <date>2024-10-13T08:07:42.475428100Z</date>
  <millis>1728806862475</millis>
  <nanos>428100</nanos>
  <sequence>385</sequence>
  <level>START</level>
  <class>com.kms.katalon.core.logging.XmlKeywordLogger</class>
  <method>startTest</method>
  <thread>1</thread>
  <message>Start Test Case : Test Cases/meesho</message>
  <nestedLevel>1</nestedLevel>
  <escapedJava>false</escapedJava>
  <property name="remainingRetryCount">3</property>
  <property name="name">Test Cases/meesho</property>
  <property name="description"></property>
  <property name="iteration"></property>
  <property name="id">Test Cases/meesho</property>
  <property name="source">C:\Users\Rohit Roy\git\Katalon-Project\Test Cases\meesho.tc</property>
  <property name="tag"></property>
  <property name="isOptional">false</property>
  <property name="currentRetryCount">0</property>
</record>
<record>
  <date>2024-10-13T08:07:42.526394500Z</date>
  <millis>1728806862526</millis>
  <nanos>394500</nanos>
  <sequence>387</sequence>
  <level>START</level>
  <class>com.kms.katalon.core.logging.XmlKeywordLogger</class>
  <method>startKeyword</method>
  <thread>1</thread>
  <message>Start action : openBrowser(&amp;quot;&amp;quot;)</message>
  <nestedLevel>1</nestedLevel>
  <escapedJava>false</escapedJava>
  <property name="startLine">20</property>
  <property name="stepIndex">1</property>
</record>
<record>
  <date>2024-10-13T08:07:42.526394500Z</date>
  <millis>1728806862526</millis>
  <nanos>394500</nanos>
  <sequence>389</sequence>
  <level>INFO</level>
  <class>com.kms.katalon.core.logging.XmlKeywordLogger</class>
  <method>logMessage</method>
  <thread>1</thread>
  <message>Starting &amp;apos;Chrome&amp;apos; driver</message>
  <nestedLevel>1</nestedLevel>
  <escapedJava>false</escapedJava>
</record>
<record>
  <date>2024-10-13T08:07:42.526394500Z</date>
  <millis>1728806862526</millis>
  <nanos>394500</nanos>
  <sequence>391</sequence>
  <level>INFO</level>
  <class>com.kms.katalon.core.logging.XmlKeywordLogger</class>
  <method>logMessage</method>
  <thread>1</thread>
  <message>Action delay is set to 0 milliseconds</message>
  <nestedLevel>1</nestedLevel>
  <escapedJava>false</escapedJava>
</record>
<record>
  <date>2024-10-13T08:07:43.195231800Z</date>
  <millis>1728806863195</millis>
  <nanos>231800</nanos>
  <sequence>393</sequence>
  <level>RUN_DATA</level>
  <class>com.kms.katalon.core.logging.XmlKeywordLogger</class>
  <method>logMessage</method>
  <thread>1</thread>
  <message>sessionId = 23aaadcb187f44123eaf98c89b5134b4</message>
  <nestedLevel>1</nestedLevel>
  <escapedJava>false</escapedJava>
  <property name="sessionId">23aaadcb187f44123eaf98c89b5134b4</property>
</record>
<record>
  <date>2024-10-13T08:07:43.201212100Z</date>
  <millis>1728806863201</millis>
  <nanos>212100</nanos>
  <sequence>394</sequence>
  <level>RUN_DATA</level>
  <class>com.kms.katalon.core.logging.XmlKeywordLogger</class>
  <method>logMessage</method>
  <thread>1</thread>
  <message>browser = Chrome 130.0.0.0</message>
  <nestedLevel>1</nestedLevel>
  <escapedJava>false</escapedJava>
  <property name="browser">Chrome 130.0.0.0</property>
</record>
<record>
  <date>2024-10-13T08:07:43.202208800Z</date>
  <millis>1728806863202</millis>
  <nanos>208800</nanos>
  <sequence>395</sequence>
  <level>RUN_DATA</level>
  <class>com.kms.katalon.core.logging.XmlKeywordLogger</class>
  <method>logMessage</method>
  <thread>1</thread>
  <message>platform = Windows 11</message>
  <nestedLevel>1</nestedLevel>
  <escapedJava>false</escapedJava>
  <property name="platform">Windows 11</property>
</record>
<record>
  <date>2024-10-13T08:07:43.202208800Z</date>
  <millis>1728806863202</millis>
  <nanos>208800</nanos>
  <sequence>396</sequence>
  <level>RUN_DATA</level>
  <class>com.kms.katalon.core.logging.XmlKeywordLogger</class>
  <method>logMessage</method>
  <thread>1</thread>
  <message>seleniumVersion = 3.141.59</message>
  <nestedLevel>1</nestedLevel>
  <escapedJava>false</escapedJava>
  <property name="seleniumVersion">3.141.59</property>
</record>
<record>
  <date>2024-10-13T08:07:43.202208800Z</date>
  <millis>1728806863202</millis>
  <nanos>208800</nanos>
  <sequence>397</sequence>
  <level>RUN_DATA</level>
  <class>com.kms.katalon.core.logging.XmlKeywordLogger</class>
  <method>logMessage</method>
  <thread>1</thread>
  <message>proxyInformation = ProxyInformation { proxyOption=NO_PROXY, proxyServerType=HTTP, username=, password=********, proxyServerAddress=, proxyServerPort=0, executionList=&amp;quot;&amp;quot;, isApplyToDesiredCapabilities=true }</message>
  <nestedLevel>1</nestedLevel>
  <escapedJava>false</escapedJava>
  <property name="proxyInformation">ProxyInformation { proxyOption=NO_PROXY, proxyServerType=HTTP, username=, password=********, proxyServerAddress=, proxyServerPort=0, executionList=&quot;&quot;, isApplyToDesiredCapabilities=true }</property>
</record>
<record>
  <date>2024-10-13T08:07:43.206195500Z</date>
  <millis>1728806863206</millis>
  <nanos>195500</nanos>
  <sequence>398</sequence>
  <level>PASSED</level>
  <class>com.kms.katalon.core.logging.XmlKeywordLogger</class>
  <method>logMessage</method>
  <thread>1</thread>
  <message>Browser is opened with url: &amp;apos;&amp;apos;</message>
  <nestedLevel>1</nestedLevel>
  <escapedJava>false</escapedJava>
  <property name="testops-method-name">com.kms.katalon.core.webui.keyword.builtin.OpenBrowserKeyword.openBrowser</property>
  <property name="testops-execution-stacktrace"></property>
</record>
<record>
  <date>2024-10-13T08:07:43.207192200Z</date>
  <millis>1728806863207</millis>
  <nanos>192200</nanos>
  <sequence>399</sequence>
  <level>END</level>
  <class>com.kms.katalon.core.logging.XmlKeywordLogger</class>
  <method>endKeyword</method>
  <thread>1</thread>
  <message>End action : openBrowser(&amp;quot;&amp;quot;)</message>
  <nestedLevel>1</nestedLevel>
  <escapedJava>false</escapedJava>
</record>
<record>
  <date>2024-10-13T08:07:43.207192200Z</date>
  <millis>1728806863207</millis>
  <nanos>192200</nanos>
  <sequence>400</sequence>
  <level>START</level>
  <class>com.kms.katalon.core.logging.XmlKeywordLogger</class>
  <method>startKeyword</method>
  <thread>1</thread>
  <message>Start action : navigateToUrl(&amp;quot;https://www.meesho.com/&amp;quot;)</message>
  <nestedLevel>1</nestedLevel>
  <escapedJava>false</escapedJava>
  <property name="startLine">22</property>
  <property name="stepIndex">2</property>
</record>
<record>
  <date>2024-10-13T08:07:44.084031400Z</date>
  <millis>1728806864084</millis>
  <nanos>31400</nanos>
  <sequence>403</sequence>
  <level>PASSED</level>
  <class>com.kms.katalon.core.logging.XmlKeywordLogger</class>
  <method>logMessage</method>
  <thread>1</thread>
  <message>Navigate to &amp;apos;https://www.meesho.com/&amp;apos; successfully</message>
  <nestedLevel>1</nestedLevel>
  <escapedJava>false</escapedJava>
  <property name="testops-method-name">com.kms.katalon.core.webui.keyword.builtin.NavigateToUrlKeyword.navigateToUrl</property>
  <property name="testops-execution-stacktrace"></property>
</record>
<record>
  <date>2024-10-13T08:07:44.090012300Z</date>
  <millis>1728806864090</millis>
  <nanos>12300</nanos>
  <sequence>404</sequence>
  <level>END</level>
  <class>com.kms.katalon.core.logging.XmlKeywordLogger</class>
  <method>endKeyword</method>
  <thread>1</thread>
  <message>End action : navigateToUrl(&amp;quot;https://www.meesho.com/&amp;quot;)</message>
  <nestedLevel>1</nestedLevel>
  <escapedJava>false</escapedJava>
</record>
<record>
  <date>2024-10-13T08:07:44.090012300Z</date>
  <millis>1728806864090</millis>
  <nanos>12300</nanos>
  <sequence>405</sequence>
  <level>START</level>
  <class>com.kms.katalon.core.logging.XmlKeywordLogger</class>
  <method>startKeyword</method>
  <thread>1</thread>
  <message>Start action : closeBrowser()</message>
  <nestedLevel>1</nestedLevel>
  <escapedJava>false</escapedJava>
  <property name="startLine">24</property>
  <property name="stepIndex">3</property>
</record>
<record>
  <date>2024-10-13T08:07:44.241524Z</date>
  <millis>1728806864241</millis>
  <nanos>524000</nanos>
  <sequence>407</sequence>
  <level>PASSED</level>
  <class>com.kms.katalon.core.logging.XmlKeywordLogger</class>
  <method>logMessage</method>
  <thread>1</thread>
  <message>Browser is closed</message>
  <nestedLevel>1</nestedLevel>
  <escapedJava>false</escapedJava>
  <property name="testops-method-name">com.kms.katalon.core.webui.keyword.builtin.CloseBrowserKeyword.closeBrowser</property>
  <property name="testops-execution-stacktrace"></property>
</record>
<record>
  <date>2024-10-13T08:07:44.242558900Z</date>
  <millis>1728806864242</millis>
  <nanos>558900</nanos>
  <sequence>408</sequence>
  <level>END</level>
  <class>com.kms.katalon.core.logging.XmlKeywordLogger</class>
  <method>endKeyword</method>
  <thread>1</thread>
  <message>End action : closeBrowser()</message>
  <nestedLevel>1</nestedLevel>
  <escapedJava>false</escapedJava>
</record>
<record>
  <date>2024-10-13T08:07:44.242558900Z</date>
  <millis>1728806864242</millis>
  <nanos>558900</nanos>
  <sequence>409</sequence>
  <level>PASSED</level>
  <class>com.kms.katalon.core.logging.XmlKeywordLogger</class>
  <method>logMessage</method>
  <thread>1</thread>
  <message>Test Cases/meesho</message>
  <nestedLevel>1</nestedLevel>
  <escapedJava>false</escapedJava>
</record>
<record>
  <date>2024-10-13T08:07:44.242558900Z</date>
  <millis>1728806864242</millis>
  <nanos>558900</nanos>
  <sequence>410</sequence>
  <level>END</level>
  <class>com.kms.katalon.core.logging.XmlKeywordLogger</class>
  <method>endTest</method>
  <thread>1</thread>
  <message>End Test Case : Test Cases/meesho</message>
  <nestedLevel>0</nestedLevel>
  <escapedJava>false</escapedJava>
  <property name="executionBindingVariables">[]</property>
  <property name="applitools">false</property>
  <property name="remainingRetryCount">3</property>
  <property name="currentRetryCount">0</property>
  <property name="keywordsUsage">{
  &quot;web_ui&quot;: true,
  &quot;web_service&quot;: false,
  &quot;cucumber&quot;: false,
  &quot;builtin&quot;: false,
  &quot;mobile&quot;: false,
  &quot;windows&quot;: false,
  &quot;testng&quot;: false
}</property>
</record>
<record>
  <date>2024-10-13T08:07:44.245548900Z</date>
  <millis>1728806864245</millis>
  <nanos>548900</nanos>
  <sequence>411</sequence>
  <level>START</level>
  <class>com.kms.katalon.core.logging.XmlKeywordLogger</class>
  <method>startTest</method>
  <thread>1</thread>
  <message>Start Test Case : Test Cases/domizon</message>
  <nestedLevel>1</nestedLevel>
  <escapedJava>false</escapedJava>
  <property name="remainingRetryCount">3</property>
  <property name="name">Test Cases/domizon</property>
  <property name="description"></property>
  <property name="iteration"></property>
  <property name="id">Test Cases/domizon</property>
  <property name="source">C:\Users\Rohit Roy\git\Katalon-Project\Test Cases\domizon.tc</property>
  <property name="tag"></property>
  <property name="isOptional">false</property>
  <property name="currentRetryCount">0</property>
</record>
<record>
  <date>2024-10-13T08:07:44.271973600Z</date>
  <millis>1728806864271</millis>
  <nanos>973600</nanos>
  <sequence>413</sequence>
  <level>START</level>
  <class>com.kms.katalon.core.logging.XmlKeywordLogger</class>
  <method>startKeyword</method>
  <thread>1</thread>
  <message>Start action : openBrowser(&amp;quot;&amp;quot;)</message>
  <nestedLevel>1</nestedLevel>
  <escapedJava>false</escapedJava>
  <property name="startLine">20</property>
  <property name="stepIndex">1</property>
</record>
<record>
  <date>2024-10-13T08:07:44.273967200Z</date>
  <millis>1728806864273</millis>
  <nanos>967200</nanos>
  <sequence>415</sequence>
  <level>INFO</level>
  <class>com.kms.katalon.core.logging.XmlKeywordLogger</class>
  <method>logMessage</method>
  <thread>1</thread>
  <message>Starting &amp;apos;Chrome&amp;apos; driver</message>
  <nestedLevel>1</nestedLevel>
  <escapedJava>false</escapedJava>
</record>
<record>
  <date>2024-10-13T08:07:44.275960100Z</date>
  <millis>1728806864275</millis>
  <nanos>960100</nanos>
  <sequence>417</sequence>
  <level>INFO</level>
  <class>com.kms.katalon.core.logging.XmlKeywordLogger</class>
  <method>logMessage</method>
  <thread>1</thread>
  <message>Action delay is set to 0 milliseconds</message>
  <nestedLevel>1</nestedLevel>
  <escapedJava>false</escapedJava>
</record>
<record>
  <date>2024-10-13T08:07:44.887857100Z</date>
  <millis>1728806864887</millis>
  <nanos>857100</nanos>
  <sequence>419</sequence>
  <level>RUN_DATA</level>
  <class>com.kms.katalon.core.logging.XmlKeywordLogger</class>
  <method>logMessage</method>
  <thread>1</thread>
  <message>sessionId = 117a0fe3dad5204d77cc062344230fac</message>
  <nestedLevel>1</nestedLevel>
  <escapedJava>false</escapedJava>
  <property name="sessionId">117a0fe3dad5204d77cc062344230fac</property>
</record>
<record>
  <date>2024-10-13T08:07:44.899873300Z</date>
  <millis>1728806864899</millis>
  <nanos>873300</nanos>
  <sequence>420</sequence>
  <level>RUN_DATA</level>
  <class>com.kms.katalon.core.logging.XmlKeywordLogger</class>
  <method>logMessage</method>
  <thread>1</thread>
  <message>browser = Chrome 130.0.0.0</message>
  <nestedLevel>1</nestedLevel>
  <escapedJava>false</escapedJava>
  <property name="browser">Chrome 130.0.0.0</property>
</record>
<record>
  <date>2024-10-13T08:07:44.899873300Z</date>
  <millis>1728806864899</millis>
  <nanos>873300</nanos>
  <sequence>421</sequence>
  <level>RUN_DATA</level>
  <class>com.kms.katalon.core.logging.XmlKeywordLogger</class>
  <method>logMessage</method>
  <thread>1</thread>
  <message>platform = Windows 11</message>
  <nestedLevel>1</nestedLevel>
  <escapedJava>false</escapedJava>
  <property name="platform">Windows 11</property>
</record>
<record>
  <date>2024-10-13T08:07:44.899873300Z</date>
  <millis>1728806864899</millis>
  <nanos>873300</nanos>
  <sequence>422</sequence>
  <level>RUN_DATA</level>
  <class>com.kms.katalon.core.logging.XmlKeywordLogger</class>
  <method>logMessage</method>
  <thread>1</thread>
  <message>seleniumVersion = 3.141.59</message>
  <nestedLevel>1</nestedLevel>
  <escapedJava>false</escapedJava>
  <property name="seleniumVersion">3.141.59</property>
</record>
<record>
  <date>2024-10-13T08:07:44.899873300Z</date>
  <millis>1728806864899</millis>
  <nanos>873300</nanos>
  <sequence>423</sequence>
  <level>RUN_DATA</level>
  <class>com.kms.katalon.core.logging.XmlKeywordLogger</class>
  <method>logMessage</method>
  <thread>1</thread>
  <message>proxyInformation = ProxyInformation { proxyOption=NO_PROXY, proxyServerType=HTTP, username=, password=********, proxyServerAddress=, proxyServerPort=0, executionList=&amp;quot;&amp;quot;, isApplyToDesiredCapabilities=true }</message>
  <nestedLevel>1</nestedLevel>
  <escapedJava>false</escapedJava>
  <property name="proxyInformation">ProxyInformation { proxyOption=NO_PROXY, proxyServerType=HTTP, username=, password=********, proxyServerAddress=, proxyServerPort=0, executionList=&quot;&quot;, isApplyToDesiredCapabilities=true }</property>
</record>
<record>
  <date>2024-10-13T08:07:44.907278600Z</date>
  <millis>1728806864907</millis>
  <nanos>278600</nanos>
  <sequence>424</sequence>
  <level>PASSED</level>
  <class>com.kms.katalon.core.logging.XmlKeywordLogger</class>
  <method>logMessage</method>
  <thread>1</thread>
  <message>Browser is opened with url: &amp;apos;&amp;apos;</message>
  <nestedLevel>1</nestedLevel>
  <escapedJava>false</escapedJava>
  <property name="testops-method-name">com.kms.katalon.core.webui.keyword.builtin.OpenBrowserKeyword.openBrowser</property>
  <property name="testops-execution-stacktrace"></property>
</record>
<record>
  <date>2024-10-13T08:07:44.908276500Z</date>
  <millis>1728806864908</millis>
  <nanos>276500</nanos>
  <sequence>425</sequence>
  <level>END</level>
  <class>com.kms.katalon.core.logging.XmlKeywordLogger</class>
  <method>endKeyword</method>
  <thread>1</thread>
  <message>End action : openBrowser(&amp;quot;&amp;quot;)</message>
  <nestedLevel>1</nestedLevel>
  <escapedJava>false</escapedJava>
</record>
<record>
  <date>2024-10-13T08:07:44.908276500Z</date>
  <millis>1728806864908</millis>
  <nanos>276500</nanos>
  <sequence>426</sequence>
  <level>START</level>
  <class>com.kms.katalon.core.logging.XmlKeywordLogger</class>
  <method>startKeyword</method>
  <thread>1</thread>
  <message>Start action : navigateToUrl(&amp;quot;https://pizzaonline.dominos.co.in/&amp;quot;)</message>
  <nestedLevel>1</nestedLevel>
  <escapedJava>false</escapedJava>
  <property name="startLine">22</property>
  <property name="stepIndex">2</property>
</record>
<record>
  <date>2024-10-13T08:08:07.517770800Z</date>
  <millis>1728806887517</millis>
  <nanos>770800</nanos>
  <sequence>429</sequence>
  <level>PASSED</level>
  <class>com.kms.katalon.core.logging.XmlKeywordLogger</class>
  <method>logMessage</method>
  <thread>1</thread>
  <message>Navigate to &amp;apos;https://pizzaonline.dominos.co.in/&amp;apos; successfully</message>
  <nestedLevel>1</nestedLevel>
  <escapedJava>false</escapedJava>
  <property name="testops-method-name">com.kms.katalon.core.webui.keyword.builtin.NavigateToUrlKeyword.navigateToUrl</property>
  <property name="testops-execution-stacktrace"></property>
</record>
<record>
  <date>2024-10-13T08:08:07.518767700Z</date>
  <millis>1728806887518</millis>
  <nanos>767700</nanos>
  <sequence>430</sequence>
  <level>END</level>
  <class>com.kms.katalon.core.logging.XmlKeywordLogger</class>
  <method>endKeyword</method>
  <thread>1</thread>
  <message>End action : navigateToUrl(&amp;quot;https://pizzaonline.dominos.co.in/&amp;quot;)</message>
  <nestedLevel>1</nestedLevel>
  <escapedJava>false</escapedJava>
</record>
<record>
  <date>2024-10-13T08:08:07.518767700Z</date>
  <millis>1728806887518</millis>
  <nanos>767700</nanos>
  <sequence>431</sequence>
  <level>START</level>
  <class>com.kms.katalon.core.logging.XmlKeywordLogger</class>
  <method>startKeyword</method>
  <thread>1</thread>
  <message>Start action : closeBrowser()</message>
  <nestedLevel>1</nestedLevel>
  <escapedJava>false</escapedJava>
  <property name="startLine">24</property>
  <property name="stepIndex">3</property>
</record>
<record>
  <date>2024-10-13T08:08:07.671230700Z</date>
  <millis>1728806887671</millis>
  <nanos>230700</nanos>
  <sequence>433</sequence>
  <level>PASSED</level>
  <class>com.kms.katalon.core.logging.XmlKeywordLogger</class>
  <method>logMessage</method>
  <thread>1</thread>
  <message>Browser is closed</message>
  <nestedLevel>1</nestedLevel>
  <escapedJava>false</escapedJava>
  <property name="testops-method-name">com.kms.katalon.core.webui.keyword.builtin.CloseBrowserKeyword.closeBrowser</property>
  <property name="testops-execution-stacktrace"></property>
</record>
<record>
  <date>2024-10-13T08:08:07.672232400Z</date>
  <millis>1728806887672</millis>
  <nanos>232400</nanos>
  <sequence>434</sequence>
  <level>END</level>
  <class>com.kms.katalon.core.logging.XmlKeywordLogger</class>
  <method>endKeyword</method>
  <thread>1</thread>
  <message>End action : closeBrowser()</message>
  <nestedLevel>1</nestedLevel>
  <escapedJava>false</escapedJava>
</record>
<record>
  <date>2024-10-13T08:08:07.672232400Z</date>
  <millis>1728806887672</millis>
  <nanos>232400</nanos>
  <sequence>435</sequence>
  <level>PASSED</level>
  <class>com.kms.katalon.core.logging.XmlKeywordLogger</class>
  <method>logMessage</method>
  <thread>1</thread>
  <message>Test Cases/domizon</message>
  <nestedLevel>1</nestedLevel>
  <escapedJava>false</escapedJava>
</record>
<record>
  <date>2024-10-13T08:08:07.673229100Z</date>
  <millis>1728806887673</millis>
  <nanos>229100</nanos>
  <sequence>436</sequence>
  <level>END</level>
  <class>com.kms.katalon.core.logging.XmlKeywordLogger</class>
  <method>endTest</method>
  <thread>1</thread>
  <message>End Test Case : Test Cases/domizon</message>
  <nestedLevel>0</nestedLevel>
  <escapedJava>false</escapedJava>
  <property name="executionBindingVariables">[]</property>
  <property name="applitools">false</property>
  <property name="remainingRetryCount">3</property>
  <property name="currentRetryCount">0</property>
  <property name="keywordsUsage">{
  &quot;web_ui&quot;: true,
  &quot;web_service&quot;: false,
  &quot;cucumber&quot;: false,
  &quot;builtin&quot;: false,
  &quot;mobile&quot;: false,
  &quot;windows&quot;: false,
  &quot;testng&quot;: false
}</property>
</record>
<record>
  <date>2024-10-13T08:08:07.678212400Z</date>
  <millis>1728806887678</millis>
  <nanos>212400</nanos>
  <sequence>437</sequence>
  <level>START</level>
  <class>com.kms.katalon.core.logging.XmlKeywordLogger</class>
  <method>startTest</method>
  <thread>1</thread>
  <message>Start Test Case : Test Cases/pizzahut</message>
  <nestedLevel>1</nestedLevel>
  <escapedJava>false</escapedJava>
  <property name="remainingRetryCount">3</property>
  <property name="name">Test Cases/pizzahut</property>
  <property name="description"></property>
  <property name="iteration"></property>
  <property name="id">Test Cases/pizzahut</property>
  <property name="source">C:\Users\Rohit Roy\git\Katalon-Project\Test Cases\pizzahut.tc</property>
  <property name="tag"></property>
  <property name="isOptional">false</property>
  <property name="currentRetryCount">0</property>
</record>
<record>
  <date>2024-10-13T08:08:07.747978600Z</date>
  <millis>1728806887747</millis>
  <nanos>978600</nanos>
  <sequence>439</sequence>
  <level>START</level>
  <class>com.kms.katalon.core.logging.XmlKeywordLogger</class>
  <method>startKeyword</method>
  <thread>1</thread>
  <message>Start action : openBrowser(&amp;quot;&amp;quot;)</message>
  <nestedLevel>1</nestedLevel>
  <escapedJava>false</escapedJava>
  <property name="startLine">20</property>
  <property name="stepIndex">1</property>
</record>
<record>
  <date>2024-10-13T08:08:07.750968Z</date>
  <millis>1728806887750</millis>
  <nanos>968000</nanos>
  <sequence>441</sequence>
  <level>INFO</level>
  <class>com.kms.katalon.core.logging.XmlKeywordLogger</class>
  <method>logMessage</method>
  <thread>1</thread>
  <message>Starting &amp;apos;Chrome&amp;apos; driver</message>
  <nestedLevel>1</nestedLevel>
  <escapedJava>false</escapedJava>
</record>
<record>
  <date>2024-10-13T08:08:07.752966300Z</date>
  <millis>1728806887752</millis>
  <nanos>966300</nanos>
  <sequence>443</sequence>
  <level>INFO</level>
  <class>com.kms.katalon.core.logging.XmlKeywordLogger</class>
  <method>logMessage</method>
  <thread>1</thread>
  <message>Action delay is set to 0 milliseconds</message>
  <nestedLevel>1</nestedLevel>
  <escapedJava>false</escapedJava>
</record>
<record>
  <date>2024-10-13T08:08:08.486169600Z</date>
  <millis>1728806888486</millis>
  <nanos>169600</nanos>
  <sequence>445</sequence>
  <level>RUN_DATA</level>
  <class>com.kms.katalon.core.logging.XmlKeywordLogger</class>
  <method>logMessage</method>
  <thread>1</thread>
  <message>sessionId = 32d1827a2202d85da3370b828acf8212</message>
  <nestedLevel>1</nestedLevel>
  <escapedJava>false</escapedJava>
  <property name="sessionId">32d1827a2202d85da3370b828acf8212</property>
</record>
<record>
  <date>2024-10-13T08:08:08.527039Z</date>
  <millis>1728806888527</millis>
  <nanos>39000</nanos>
  <sequence>446</sequence>
  <level>RUN_DATA</level>
  <class>com.kms.katalon.core.logging.XmlKeywordLogger</class>
  <method>logMessage</method>
  <thread>1</thread>
  <message>browser = Chrome 130.0.0.0</message>
  <nestedLevel>1</nestedLevel>
  <escapedJava>false</escapedJava>
  <property name="browser">Chrome 130.0.0.0</property>
</record>
<record>
  <date>2024-10-13T08:08:08.528028400Z</date>
  <millis>1728806888528</millis>
  <nanos>28400</nanos>
  <sequence>447</sequence>
  <level>RUN_DATA</level>
  <class>com.kms.katalon.core.logging.XmlKeywordLogger</class>
  <method>logMessage</method>
  <thread>1</thread>
  <message>platform = Windows 11</message>
  <nestedLevel>1</nestedLevel>
  <escapedJava>false</escapedJava>
  <property name="platform">Windows 11</property>
</record>
<record>
  <date>2024-10-13T08:08:08.529033400Z</date>
  <millis>1728806888529</millis>
  <nanos>33400</nanos>
  <sequence>448</sequence>
  <level>RUN_DATA</level>
  <class>com.kms.katalon.core.logging.XmlKeywordLogger</class>
  <method>logMessage</method>
  <thread>1</thread>
  <message>seleniumVersion = 3.141.59</message>
  <nestedLevel>1</nestedLevel>
  <escapedJava>false</escapedJava>
  <property name="seleniumVersion">3.141.59</property>
</record>
<record>
  <date>2024-10-13T08:08:08.531025500Z</date>
  <millis>1728806888531</millis>
  <nanos>25500</nanos>
  <sequence>449</sequence>
  <level>RUN_DATA</level>
  <class>com.kms.katalon.core.logging.XmlKeywordLogger</class>
  <method>logMessage</method>
  <thread>1</thread>
  <message>proxyInformation = ProxyInformation { proxyOption=NO_PROXY, proxyServerType=HTTP, username=, password=********, proxyServerAddress=, proxyServerPort=0, executionList=&amp;quot;&amp;quot;, isApplyToDesiredCapabilities=true }</message>
  <nestedLevel>1</nestedLevel>
  <escapedJava>false</escapedJava>
  <property name="proxyInformation">ProxyInformation { proxyOption=NO_PROXY, proxyServerType=HTTP, username=, password=********, proxyServerAddress=, proxyServerPort=0, executionList=&quot;&quot;, isApplyToDesiredCapabilities=true }</property>
</record>
<record>
  <date>2024-10-13T08:08:08.545975500Z</date>
  <millis>1728806888545</millis>
  <nanos>975500</nanos>
  <sequence>450</sequence>
  <level>PASSED</level>
  <class>com.kms.katalon.core.logging.XmlKeywordLogger</class>
  <method>logMessage</method>
  <thread>1</thread>
  <message>Browser is opened with url: &amp;apos;&amp;apos;</message>
  <nestedLevel>1</nestedLevel>
  <escapedJava>false</escapedJava>
  <property name="testops-method-name">com.kms.katalon.core.webui.keyword.builtin.OpenBrowserKeyword.openBrowser</property>
  <property name="testops-execution-stacktrace"></property>
</record>
<record>
  <date>2024-10-13T08:08:08.550949200Z</date>
  <millis>1728806888550</millis>
  <nanos>949200</nanos>
  <sequence>451</sequence>
  <level>END</level>
  <class>com.kms.katalon.core.logging.XmlKeywordLogger</class>
  <method>endKeyword</method>
  <thread>1</thread>
  <message>End action : openBrowser(&amp;quot;&amp;quot;)</message>
  <nestedLevel>1</nestedLevel>
  <escapedJava>false</escapedJava>
</record>
<record>
  <date>2024-10-13T08:08:08.551639300Z</date>
  <millis>1728806888551</millis>
  <nanos>639300</nanos>
  <sequence>452</sequence>
  <level>START</level>
  <class>com.kms.katalon.core.logging.XmlKeywordLogger</class>
  <method>startKeyword</method>
  <thread>1</thread>
  <message>Start action : navigateToUrl(&amp;quot;https://www.pizzahut.co.in/&amp;quot;)</message>
  <nestedLevel>1</nestedLevel>
  <escapedJava>false</escapedJava>
  <property name="startLine">22</property>
  <property name="stepIndex">2</property>
</record>
<record>
  <date>2024-10-13T08:08:12.210219500Z</date>
  <millis>1728806892210</millis>
  <nanos>219500</nanos>
  <sequence>455</sequence>
  <level>PASSED</level>
  <class>com.kms.katalon.core.logging.XmlKeywordLogger</class>
  <method>logMessage</method>
  <thread>1</thread>
  <message>Navigate to &amp;apos;https://www.pizzahut.co.in/&amp;apos; successfully</message>
  <nestedLevel>1</nestedLevel>
  <escapedJava>false</escapedJava>
  <property name="testops-method-name">com.kms.katalon.core.webui.keyword.builtin.NavigateToUrlKeyword.navigateToUrl</property>
  <property name="testops-execution-stacktrace"></property>
</record>
<record>
  <date>2024-10-13T08:08:12.216206100Z</date>
  <millis>1728806892216</millis>
  <nanos>206100</nanos>
  <sequence>456</sequence>
  <level>END</level>
  <class>com.kms.katalon.core.logging.XmlKeywordLogger</class>
  <method>endKeyword</method>
  <thread>1</thread>
  <message>End action : navigateToUrl(&amp;quot;https://www.pizzahut.co.in/&amp;quot;)</message>
  <nestedLevel>1</nestedLevel>
  <escapedJava>false</escapedJava>
</record>
<record>
  <date>2024-10-13T08:08:12.217193700Z</date>
  <millis>1728806892217</millis>
  <nanos>193700</nanos>
  <sequence>457</sequence>
  <level>START</level>
  <class>com.kms.katalon.core.logging.XmlKeywordLogger</class>
  <method>startKeyword</method>
  <thread>1</thread>
  <message>Start action : closeBrowser()</message>
  <nestedLevel>1</nestedLevel>
  <escapedJava>false</escapedJava>
  <property name="startLine">24</property>
  <property name="stepIndex">3</property>
</record>
<record>
  <date>2024-10-13T08:08:12.331646700Z</date>
  <millis>1728806892331</millis>
  <nanos>646700</nanos>
  <sequence>459</sequence>
  <level>PASSED</level>
  <class>com.kms.katalon.core.logging.XmlKeywordLogger</class>
  <method>logMessage</method>
  <thread>1</thread>
  <message>Browser is closed</message>
  <nestedLevel>1</nestedLevel>
  <escapedJava>false</escapedJava>
  <property name="testops-method-name">com.kms.katalon.core.webui.keyword.builtin.CloseBrowserKeyword.closeBrowser</property>
  <property name="testops-execution-stacktrace"></property>
</record>
<record>
  <date>2024-10-13T08:08:12.331646700Z</date>
  <millis>1728806892331</millis>
  <nanos>646700</nanos>
  <sequence>460</sequence>
  <level>END</level>
  <class>com.kms.katalon.core.logging.XmlKeywordLogger</class>
  <method>endKeyword</method>
  <thread>1</thread>
  <message>End action : closeBrowser()</message>
  <nestedLevel>1</nestedLevel>
  <escapedJava>false</escapedJava>
</record>
<record>
  <date>2024-10-13T08:08:12.331646700Z</date>
  <millis>1728806892331</millis>
  <nanos>646700</nanos>
  <sequence>461</sequence>
  <level>PASSED</level>
  <class>com.kms.katalon.core.logging.XmlKeywordLogger</class>
  <method>logMessage</method>
  <thread>1</thread>
  <message>Test Cases/pizzahut</message>
  <nestedLevel>1</nestedLevel>
  <escapedJava>false</escapedJava>
</record>
<record>
  <date>2024-10-13T08:08:12.332643700Z</date>
  <millis>1728806892332</millis>
  <nanos>643700</nanos>
  <sequence>462</sequence>
  <level>END</level>
  <class>com.kms.katalon.core.logging.XmlKeywordLogger</class>
  <method>endTest</method>
  <thread>1</thread>
  <message>End Test Case : Test Cases/pizzahut</message>
  <nestedLevel>0</nestedLevel>
  <escapedJava>false</escapedJava>
  <property name="executionBindingVariables">[]</property>
  <property name="applitools">false</property>
  <property name="remainingRetryCount">3</property>
  <property name="currentRetryCount">0</property>
  <property name="keywordsUsage">{
  &quot;web_ui&quot;: true,
  &quot;web_service&quot;: false,
  &quot;cucumber&quot;: false,
  &quot;builtin&quot;: false,
  &quot;mobile&quot;: false,
  &quot;windows&quot;: false,
  &quot;testng&quot;: false
}</property>
</record>
<record>
  <date>2024-10-13T08:08:12.333640700Z</date>
  <millis>1728806892333</millis>
  <nanos>640700</nanos>
  <sequence>463</sequence>
  <level>START</level>
  <class>com.kms.katalon.core.logging.XmlKeywordLogger</class>
  <method>startTest</method>
  <thread>1</thread>
  <message>Start Test Case : Test Cases/burger</message>
  <nestedLevel>1</nestedLevel>
  <escapedJava>false</escapedJava>
  <property name="remainingRetryCount">3</property>
  <property name="name">Test Cases/burger</property>
  <property name="description"></property>
  <property name="iteration"></property>
  <property name="id">Test Cases/burger</property>
  <property name="source">C:\Users\Rohit Roy\git\Katalon-Project\Test Cases\burger.tc</property>
  <property name="tag"></property>
  <property name="isOptional">false</property>
  <property name="currentRetryCount">0</property>
</record>
<record>
  <date>2024-10-13T08:08:12.348591200Z</date>
  <millis>1728806892348</millis>
  <nanos>591200</nanos>
  <sequence>465</sequence>
  <level>START</level>
  <class>com.kms.katalon.core.logging.XmlKeywordLogger</class>
  <method>startKeyword</method>
  <thread>1</thread>
  <message>Start action : openBrowser(&amp;quot;&amp;quot;)</message>
  <nestedLevel>1</nestedLevel>
  <escapedJava>false</escapedJava>
  <property name="startLine">20</property>
  <property name="stepIndex">1</property>
</record>
<record>
  <date>2024-10-13T08:08:12.357800100Z</date>
  <millis>1728806892357</millis>
  <nanos>800100</nanos>
  <sequence>467</sequence>
  <level>INFO</level>
  <class>com.kms.katalon.core.logging.XmlKeywordLogger</class>
  <method>logMessage</method>
  <thread>1</thread>
  <message>Starting &amp;apos;Chrome&amp;apos; driver</message>
  <nestedLevel>1</nestedLevel>
  <escapedJava>false</escapedJava>
</record>
<record>
  <date>2024-10-13T08:08:12.359794700Z</date>
  <millis>1728806892359</millis>
  <nanos>794700</nanos>
  <sequence>469</sequence>
  <level>INFO</level>
  <class>com.kms.katalon.core.logging.XmlKeywordLogger</class>
  <method>logMessage</method>
  <thread>1</thread>
  <message>Action delay is set to 0 milliseconds</message>
  <nestedLevel>1</nestedLevel>
  <escapedJava>false</escapedJava>
</record>
<record>
  <date>2024-10-13T08:08:12.883842700Z</date>
  <millis>1728806892883</millis>
  <nanos>842700</nanos>
  <sequence>471</sequence>
  <level>RUN_DATA</level>
  <class>com.kms.katalon.core.logging.XmlKeywordLogger</class>
  <method>logMessage</method>
  <thread>1</thread>
  <message>sessionId = f5c3101aed99b46f740db31add91dec6</message>
  <nestedLevel>1</nestedLevel>
  <escapedJava>false</escapedJava>
  <property name="sessionId">f5c3101aed99b46f740db31add91dec6</property>
</record>
<record>
  <date>2024-10-13T08:08:12.888826Z</date>
  <millis>1728806892888</millis>
  <nanos>826000</nanos>
  <sequence>472</sequence>
  <level>RUN_DATA</level>
  <class>com.kms.katalon.core.logging.XmlKeywordLogger</class>
  <method>logMessage</method>
  <thread>1</thread>
  <message>browser = Chrome 130.0.0.0</message>
  <nestedLevel>1</nestedLevel>
  <escapedJava>false</escapedJava>
  <property name="browser">Chrome 130.0.0.0</property>
</record>
<record>
  <date>2024-10-13T08:08:12.888826Z</date>
  <millis>1728806892888</millis>
  <nanos>826000</nanos>
  <sequence>473</sequence>
  <level>RUN_DATA</level>
  <class>com.kms.katalon.core.logging.XmlKeywordLogger</class>
  <method>logMessage</method>
  <thread>1</thread>
  <message>platform = Windows 11</message>
  <nestedLevel>1</nestedLevel>
  <escapedJava>false</escapedJava>
  <property name="platform">Windows 11</property>
</record>
<record>
  <date>2024-10-13T08:08:12.888826Z</date>
  <millis>1728806892888</millis>
  <nanos>826000</nanos>
  <sequence>474</sequence>
  <level>RUN_DATA</level>
  <class>com.kms.katalon.core.logging.XmlKeywordLogger</class>
  <method>logMessage</method>
  <thread>1</thread>
  <message>seleniumVersion = 3.141.59</message>
  <nestedLevel>1</nestedLevel>
  <escapedJava>false</escapedJava>
  <property name="seleniumVersion">3.141.59</property>
</record>
<record>
  <date>2024-10-13T08:08:12.889823500Z</date>
  <millis>1728806892889</millis>
  <nanos>823500</nanos>
  <sequence>475</sequence>
  <level>RUN_DATA</level>
  <class>com.kms.katalon.core.logging.XmlKeywordLogger</class>
  <method>logMessage</method>
  <thread>1</thread>
  <message>proxyInformation = ProxyInformation { proxyOption=NO_PROXY, proxyServerType=HTTP, username=, password=********, proxyServerAddress=, proxyServerPort=0, executionList=&amp;quot;&amp;quot;, isApplyToDesiredCapabilities=true }</message>
  <nestedLevel>1</nestedLevel>
  <escapedJava>false</escapedJava>
  <property name="proxyInformation">ProxyInformation { proxyOption=NO_PROXY, proxyServerType=HTTP, username=, password=********, proxyServerAddress=, proxyServerPort=0, executionList=&quot;&quot;, isApplyToDesiredCapabilities=true }</property>
</record>
<record>
  <date>2024-10-13T08:08:12.892812100Z</date>
  <millis>1728806892892</millis>
  <nanos>812100</nanos>
  <sequence>476</sequence>
  <level>PASSED</level>
  <class>com.kms.katalon.core.logging.XmlKeywordLogger</class>
  <method>logMessage</method>
  <thread>1</thread>
  <message>Browser is opened with url: &amp;apos;&amp;apos;</message>
  <nestedLevel>1</nestedLevel>
  <escapedJava>false</escapedJava>
  <property name="testops-method-name">com.kms.katalon.core.webui.keyword.builtin.OpenBrowserKeyword.openBrowser</property>
  <property name="testops-execution-stacktrace"></property>
</record>
<record>
  <date>2024-10-13T08:08:12.893809100Z</date>
  <millis>1728806892893</millis>
  <nanos>809100</nanos>
  <sequence>477</sequence>
  <level>END</level>
  <class>com.kms.katalon.core.logging.XmlKeywordLogger</class>
  <method>endKeyword</method>
  <thread>1</thread>
  <message>End action : openBrowser(&amp;quot;&amp;quot;)</message>
  <nestedLevel>1</nestedLevel>
  <escapedJava>false</escapedJava>
</record>
<record>
  <date>2024-10-13T08:08:12.893809100Z</date>
  <millis>1728806892893</millis>
  <nanos>809100</nanos>
  <sequence>478</sequence>
  <level>START</level>
  <class>com.kms.katalon.core.logging.XmlKeywordLogger</class>
  <method>startKeyword</method>
  <thread>1</thread>
  <message>Start action : navigateToUrl(&amp;quot;https://www.bk.com/&amp;quot;)</message>
  <nestedLevel>1</nestedLevel>
  <escapedJava>false</escapedJava>
  <property name="startLine">22</property>
  <property name="stepIndex">2</property>
</record>
<record>
  <date>2024-10-13T08:08:13.560436900Z</date>
  <millis>1728806893560</millis>
  <nanos>436900</nanos>
  <sequence>481</sequence>
  <level>PASSED</level>
  <class>com.kms.katalon.core.logging.XmlKeywordLogger</class>
  <method>logMessage</method>
  <thread>1</thread>
  <message>Navigate to &amp;apos;https://www.bk.com/&amp;apos; successfully</message>
  <nestedLevel>1</nestedLevel>
  <escapedJava>false</escapedJava>
  <property name="testops-method-name">com.kms.katalon.core.webui.keyword.builtin.NavigateToUrlKeyword.navigateToUrl</property>
  <property name="testops-execution-stacktrace"></property>
</record>
<record>
  <date>2024-10-13T08:08:13.561434300Z</date>
  <millis>1728806893561</millis>
  <nanos>434300</nanos>
  <sequence>482</sequence>
  <level>END</level>
  <class>com.kms.katalon.core.logging.XmlKeywordLogger</class>
  <method>endKeyword</method>
  <thread>1</thread>
  <message>End action : navigateToUrl(&amp;quot;https://www.bk.com/&amp;quot;)</message>
  <nestedLevel>1</nestedLevel>
  <escapedJava>false</escapedJava>
</record>
<record>
  <date>2024-10-13T08:08:13.561434300Z</date>
  <millis>1728806893561</millis>
  <nanos>434300</nanos>
  <sequence>483</sequence>
  <level>START</level>
  <class>com.kms.katalon.core.logging.XmlKeywordLogger</class>
  <method>startKeyword</method>
  <thread>1</thread>
  <message>Start action : closeBrowser()</message>
  <nestedLevel>1</nestedLevel>
  <escapedJava>false</escapedJava>
  <property name="startLine">24</property>
  <property name="stepIndex">3</property>
</record>
<record>
  <date>2024-10-13T08:08:13.651966800Z</date>
  <millis>1728806893651</millis>
  <nanos>966800</nanos>
  <sequence>485</sequence>
  <level>PASSED</level>
  <class>com.kms.katalon.core.logging.XmlKeywordLogger</class>
  <method>logMessage</method>
  <thread>1</thread>
  <message>Browser is closed</message>
  <nestedLevel>1</nestedLevel>
  <escapedJava>false</escapedJava>
  <property name="testops-method-name">com.kms.katalon.core.webui.keyword.builtin.CloseBrowserKeyword.closeBrowser</property>
  <property name="testops-execution-stacktrace"></property>
</record>
<record>
  <date>2024-10-13T08:08:13.652961500Z</date>
  <millis>1728806893652</millis>
  <nanos>961500</nanos>
  <sequence>486</sequence>
  <level>END</level>
  <class>com.kms.katalon.core.logging.XmlKeywordLogger</class>
  <method>endKeyword</method>
  <thread>1</thread>
  <message>End action : closeBrowser()</message>
  <nestedLevel>1</nestedLevel>
  <escapedJava>false</escapedJava>
</record>
<record>
  <date>2024-10-13T08:08:13.652961500Z</date>
  <millis>1728806893652</millis>
  <nanos>961500</nanos>
  <sequence>487</sequence>
  <level>PASSED</level>
  <class>com.kms.katalon.core.logging.XmlKeywordLogger</class>
  <method>logMessage</method>
  <thread>1</thread>
  <message>Test Cases/burger</message>
  <nestedLevel>1</nestedLevel>
  <escapedJava>false</escapedJava>
</record>
<record>
  <date>2024-10-13T08:08:13.652961500Z</date>
  <millis>1728806893652</millis>
  <nanos>961500</nanos>
  <sequence>488</sequence>
  <level>END</level>
  <class>com.kms.katalon.core.logging.XmlKeywordLogger</class>
  <method>endTest</method>
  <thread>1</thread>
  <message>End Test Case : Test Cases/burger</message>
  <nestedLevel>0</nestedLevel>
  <escapedJava>false</escapedJava>
  <property name="executionBindingVariables">[]</property>
  <property name="applitools">false</property>
  <property name="remainingRetryCount">3</property>
  <property name="currentRetryCount">0</property>
  <property name="keywordsUsage">{
  &quot;web_ui&quot;: true,
  &quot;web_service&quot;: false,
  &quot;cucumber&quot;: false,
  &quot;builtin&quot;: false,
  &quot;mobile&quot;: false,
  &quot;windows&quot;: false,
  &quot;testng&quot;: false
}</property>
</record>
<record>
  <date>2024-10-13T08:08:13.656949500Z</date>
  <millis>1728806893656</millis>
  <nanos>949500</nanos>
  <sequence>489</sequence>
  <level>START</level>
  <class>com.kms.katalon.core.logging.XmlKeywordLogger</class>
  <method>startTest</method>
  <thread>1</thread>
  <message>Start Test Case : Test Cases/mcdoland</message>
  <nestedLevel>1</nestedLevel>
  <escapedJava>false</escapedJava>
  <property name="remainingRetryCount">3</property>
  <property name="name">Test Cases/mcdoland</property>
  <property name="description"></property>
  <property name="iteration"></property>
  <property name="id">Test Cases/mcdoland</property>
  <property name="source">C:\Users\Rohit Roy\git\Katalon-Project\Test Cases\mcdoland.tc</property>
  <property name="tag"></property>
  <property name="isOptional">false</property>
  <property name="currentRetryCount">0</property>
</record>
<record>
  <date>2024-10-13T08:08:13.716830300Z</date>
  <millis>1728806893716</millis>
  <nanos>830300</nanos>
  <sequence>491</sequence>
  <level>START</level>
  <class>com.kms.katalon.core.logging.XmlKeywordLogger</class>
  <method>startKeyword</method>
  <thread>1</thread>
  <message>Start action : openBrowser(&amp;quot;&amp;quot;)</message>
  <nestedLevel>1</nestedLevel>
  <escapedJava>false</escapedJava>
  <property name="startLine">20</property>
  <property name="stepIndex">1</property>
</record>
<record>
  <date>2024-10-13T08:08:13.722811400Z</date>
  <millis>1728806893722</millis>
  <nanos>811400</nanos>
  <sequence>493</sequence>
  <level>INFO</level>
  <class>com.kms.katalon.core.logging.XmlKeywordLogger</class>
  <method>logMessage</method>
  <thread>1</thread>
  <message>Starting &amp;apos;Chrome&amp;apos; driver</message>
  <nestedLevel>1</nestedLevel>
  <escapedJava>false</escapedJava>
</record>
<record>
  <date>2024-10-13T08:08:13.724804400Z</date>
  <millis>1728806893724</millis>
  <nanos>804400</nanos>
  <sequence>495</sequence>
  <level>INFO</level>
  <class>com.kms.katalon.core.logging.XmlKeywordLogger</class>
  <method>logMessage</method>
  <thread>1</thread>
  <message>Action delay is set to 0 milliseconds</message>
  <nestedLevel>1</nestedLevel>
  <escapedJava>false</escapedJava>
</record>
<record>
  <date>2024-10-13T08:08:14.290713400Z</date>
  <millis>1728806894290</millis>
  <nanos>713400</nanos>
  <sequence>497</sequence>
  <level>RUN_DATA</level>
  <class>com.kms.katalon.core.logging.XmlKeywordLogger</class>
  <method>logMessage</method>
  <thread>1</thread>
  <message>sessionId = a48c958684329e011cf2243a9467b06f</message>
  <nestedLevel>1</nestedLevel>
  <escapedJava>false</escapedJava>
  <property name="sessionId">a48c958684329e011cf2243a9467b06f</property>
</record>
<record>
  <date>2024-10-13T08:08:14.319610700Z</date>
  <millis>1728806894319</millis>
  <nanos>610700</nanos>
  <sequence>498</sequence>
  <level>RUN_DATA</level>
  <class>com.kms.katalon.core.logging.XmlKeywordLogger</class>
  <method>logMessage</method>
  <thread>1</thread>
  <message>browser = Chrome 130.0.0.0</message>
  <nestedLevel>1</nestedLevel>
  <escapedJava>false</escapedJava>
  <property name="browser">Chrome 130.0.0.0</property>
</record>
<record>
  <date>2024-10-13T08:08:14.320609400Z</date>
  <millis>1728806894320</millis>
  <nanos>609400</nanos>
  <sequence>499</sequence>
  <level>RUN_DATA</level>
  <class>com.kms.katalon.core.logging.XmlKeywordLogger</class>
  <method>logMessage</method>
  <thread>1</thread>
  <message>platform = Windows 11</message>
  <nestedLevel>1</nestedLevel>
  <escapedJava>false</escapedJava>
  <property name="platform">Windows 11</property>
</record>
<record>
  <date>2024-10-13T08:08:14.321607300Z</date>
  <millis>1728806894321</millis>
  <nanos>607300</nanos>
  <sequence>500</sequence>
  <level>RUN_DATA</level>
  <class>com.kms.katalon.core.logging.XmlKeywordLogger</class>
  <method>logMessage</method>
  <thread>1</thread>
  <message>seleniumVersion = 3.141.59</message>
  <nestedLevel>1</nestedLevel>
  <escapedJava>false</escapedJava>
  <property name="seleniumVersion">3.141.59</property>
</record>
<record>
  <date>2024-10-13T08:08:14.322600400Z</date>
  <millis>1728806894322</millis>
  <nanos>600400</nanos>
  <sequence>501</sequence>
  <level>RUN_DATA</level>
  <class>com.kms.katalon.core.logging.XmlKeywordLogger</class>
  <method>logMessage</method>
  <thread>1</thread>
  <message>proxyInformation = ProxyInformation { proxyOption=NO_PROXY, proxyServerType=HTTP, username=, password=********, proxyServerAddress=, proxyServerPort=0, executionList=&amp;quot;&amp;quot;, isApplyToDesiredCapabilities=true }</message>
  <nestedLevel>1</nestedLevel>
  <escapedJava>false</escapedJava>
  <property name="proxyInformation">ProxyInformation { proxyOption=NO_PROXY, proxyServerType=HTTP, username=, password=********, proxyServerAddress=, proxyServerPort=0, executionList=&quot;&quot;, isApplyToDesiredCapabilities=true }</property>
</record>
<record>
  <date>2024-10-13T08:08:14.332125500Z</date>
  <millis>1728806894332</millis>
  <nanos>125500</nanos>
  <sequence>502</sequence>
  <level>PASSED</level>
  <class>com.kms.katalon.core.logging.XmlKeywordLogger</class>
  <method>logMessage</method>
  <thread>1</thread>
  <message>Browser is opened with url: &amp;apos;&amp;apos;</message>
  <nestedLevel>1</nestedLevel>
  <escapedJava>false</escapedJava>
  <property name="testops-method-name">com.kms.katalon.core.webui.keyword.builtin.OpenBrowserKeyword.openBrowser</property>
  <property name="testops-execution-stacktrace"></property>
</record>
<record>
  <date>2024-10-13T08:08:14.335172400Z</date>
  <millis>1728806894335</millis>
  <nanos>172400</nanos>
  <sequence>503</sequence>
  <level>END</level>
  <class>com.kms.katalon.core.logging.XmlKeywordLogger</class>
  <method>endKeyword</method>
  <thread>1</thread>
  <message>End action : openBrowser(&amp;quot;&amp;quot;)</message>
  <nestedLevel>1</nestedLevel>
  <escapedJava>false</escapedJava>
</record>
<record>
  <date>2024-10-13T08:08:14.335172400Z</date>
  <millis>1728806894335</millis>
  <nanos>172400</nanos>
  <sequence>504</sequence>
  <level>START</level>
  <class>com.kms.katalon.core.logging.XmlKeywordLogger</class>
  <method>startKeyword</method>
  <thread>1</thread>
  <message>Start action : navigateToUrl(&amp;quot;https://www.mcdonalds.com/us/en-us.html&amp;quot;)</message>
  <nestedLevel>1</nestedLevel>
  <escapedJava>false</escapedJava>
  <property name="startLine">22</property>
  <property name="stepIndex">2</property>
</record>
<record>
  <date>2024-10-13T08:08:16.284124100Z</date>
  <millis>1728806896284</millis>
  <nanos>124100</nanos>
  <sequence>507</sequence>
  <level>PASSED</level>
  <class>com.kms.katalon.core.logging.XmlKeywordLogger</class>
  <method>logMessage</method>
  <thread>1</thread>
  <message>Navigate to &amp;apos;https://www.mcdonalds.com/us/en-us.html&amp;apos; successfully</message>
  <nestedLevel>1</nestedLevel>
  <escapedJava>false</escapedJava>
  <property name="testops-method-name">com.kms.katalon.core.webui.keyword.builtin.NavigateToUrlKeyword.navigateToUrl</property>
  <property name="testops-execution-stacktrace"></property>
</record>
<record>
  <date>2024-10-13T08:08:16.285121300Z</date>
  <millis>1728806896285</millis>
  <nanos>121300</nanos>
  <sequence>508</sequence>
  <level>END</level>
  <class>com.kms.katalon.core.logging.XmlKeywordLogger</class>
  <method>endKeyword</method>
  <thread>1</thread>
  <message>End action : navigateToUrl(&amp;quot;https://www.mcdonalds.com/us/en-us.html&amp;quot;)</message>
  <nestedLevel>1</nestedLevel>
  <escapedJava>false</escapedJava>
</record>
<record>
  <date>2024-10-13T08:08:16.285121300Z</date>
  <millis>1728806896285</millis>
  <nanos>121300</nanos>
  <sequence>509</sequence>
  <level>START</level>
  <class>com.kms.katalon.core.logging.XmlKeywordLogger</class>
  <method>startKeyword</method>
  <thread>1</thread>
  <message>Start action : closeBrowser()</message>
  <nestedLevel>1</nestedLevel>
  <escapedJava>false</escapedJava>
  <property name="startLine">24</property>
  <property name="stepIndex">3</property>
</record>
<record>
  <date>2024-10-13T08:08:16.414670Z</date>
  <millis>1728806896414</millis>
  <nanos>670000</nanos>
  <sequence>511</sequence>
  <level>PASSED</level>
  <class>com.kms.katalon.core.logging.XmlKeywordLogger</class>
  <method>logMessage</method>
  <thread>1</thread>
  <message>Browser is closed</message>
  <nestedLevel>1</nestedLevel>
  <escapedJava>false</escapedJava>
  <property name="testops-method-name">com.kms.katalon.core.webui.keyword.builtin.CloseBrowserKeyword.closeBrowser</property>
  <property name="testops-execution-stacktrace"></property>
</record>
<record>
  <date>2024-10-13T08:08:16.414670Z</date>
  <millis>1728806896414</millis>
  <nanos>670000</nanos>
  <sequence>512</sequence>
  <level>END</level>
  <class>com.kms.katalon.core.logging.XmlKeywordLogger</class>
  <method>endKeyword</method>
  <thread>1</thread>
  <message>End action : closeBrowser()</message>
  <nestedLevel>1</nestedLevel>
  <escapedJava>false</escapedJava>
</record>
<record>
  <date>2024-10-13T08:08:16.414670Z</date>
  <millis>1728806896414</millis>
  <nanos>670000</nanos>
  <sequence>513</sequence>
  <level>PASSED</level>
  <class>com.kms.katalon.core.logging.XmlKeywordLogger</class>
  <method>logMessage</method>
  <thread>1</thread>
  <message>Test Cases/mcdoland</message>
  <nestedLevel>1</nestedLevel>
  <escapedJava>false</escapedJava>
</record>
<record>
  <date>2024-10-13T08:08:16.415661400Z</date>
  <millis>1728806896415</millis>
  <nanos>661400</nanos>
  <sequence>514</sequence>
  <level>END</level>
  <class>com.kms.katalon.core.logging.XmlKeywordLogger</class>
  <method>endTest</method>
  <thread>1</thread>
  <message>End Test Case : Test Cases/mcdoland</message>
  <nestedLevel>0</nestedLevel>
  <escapedJava>false</escapedJava>
  <property name="executionBindingVariables">[]</property>
  <property name="applitools">false</property>
  <property name="remainingRetryCount">3</property>
  <property name="currentRetryCount">0</property>
  <property name="keywordsUsage">{
  &quot;web_ui&quot;: true,
  &quot;web_service&quot;: false,
  &quot;cucumber&quot;: false,
  &quot;builtin&quot;: false,
  &quot;mobile&quot;: false,
  &quot;windows&quot;: false,
  &quot;testng&quot;: false
}</property>
</record>
<record>
  <date>2024-10-13T08:08:16.419649200Z</date>
  <millis>1728806896419</millis>
  <nanos>649200</nanos>
  <sequence>515</sequence>
  <level>START</level>
  <class>com.kms.katalon.core.logging.XmlKeywordLogger</class>
  <method>startTest</method>
  <thread>1</thread>
  <message>Start Test Case : Test Cases/wow momo</message>
  <nestedLevel>1</nestedLevel>
  <escapedJava>false</escapedJava>
  <property name="remainingRetryCount">3</property>
  <property name="name">Test Cases/wow momo</property>
  <property name="description"></property>
  <property name="iteration"></property>
  <property name="id">Test Cases/wow momo</property>
  <property name="source">C:\Users\Rohit Roy\git\Katalon-Project\Test Cases\wow momo.tc</property>
  <property name="tag"></property>
  <property name="isOptional">false</property>
  <property name="currentRetryCount">0</property>
</record>
<record>
  <date>2024-10-13T08:08:16.463696600Z</date>
  <millis>1728806896463</millis>
  <nanos>696600</nanos>
  <sequence>517</sequence>
  <level>START</level>
  <class>com.kms.katalon.core.logging.XmlKeywordLogger</class>
  <method>startKeyword</method>
  <thread>1</thread>
  <message>Start action : openBrowser(&amp;quot;&amp;quot;)</message>
  <nestedLevel>1</nestedLevel>
  <escapedJava>false</escapedJava>
  <property name="startLine">20</property>
  <property name="stepIndex">1</property>
</record>
<record>
  <date>2024-10-13T08:08:16.465689900Z</date>
  <millis>1728806896465</millis>
  <nanos>689900</nanos>
  <sequence>519</sequence>
  <level>INFO</level>
  <class>com.kms.katalon.core.logging.XmlKeywordLogger</class>
  <method>logMessage</method>
  <thread>1</thread>
  <message>Starting &amp;apos;Chrome&amp;apos; driver</message>
  <nestedLevel>1</nestedLevel>
  <escapedJava>false</escapedJava>
</record>
<record>
  <date>2024-10-13T08:08:16.466686600Z</date>
  <millis>1728806896466</millis>
  <nanos>686600</nanos>
  <sequence>521</sequence>
  <level>INFO</level>
  <class>com.kms.katalon.core.logging.XmlKeywordLogger</class>
  <method>logMessage</method>
  <thread>1</thread>
  <message>Action delay is set to 0 milliseconds</message>
  <nestedLevel>1</nestedLevel>
  <escapedJava>false</escapedJava>
</record>
<record>
  <date>2024-10-13T08:08:17.198618300Z</date>
  <millis>1728806897198</millis>
  <nanos>618300</nanos>
  <sequence>523</sequence>
  <level>RUN_DATA</level>
  <class>com.kms.katalon.core.logging.XmlKeywordLogger</class>
  <method>logMessage</method>
  <thread>1</thread>
  <message>sessionId = 8288377554cd9ca7941593a89f5bb725</message>
  <nestedLevel>1</nestedLevel>
  <escapedJava>false</escapedJava>
  <property name="sessionId">8288377554cd9ca7941593a89f5bb725</property>
</record>
<record>
  <date>2024-10-13T08:08:17.239955400Z</date>
  <millis>1728806897239</millis>
  <nanos>955400</nanos>
  <sequence>524</sequence>
  <level>RUN_DATA</level>
  <class>com.kms.katalon.core.logging.XmlKeywordLogger</class>
  <method>logMessage</method>
  <thread>1</thread>
  <message>browser = Chrome 130.0.0.0</message>
  <nestedLevel>1</nestedLevel>
  <escapedJava>false</escapedJava>
  <property name="browser">Chrome 130.0.0.0</property>
</record>
<record>
  <date>2024-10-13T08:08:17.243491300Z</date>
  <millis>1728806897243</millis>
  <nanos>491300</nanos>
  <sequence>525</sequence>
  <level>RUN_DATA</level>
  <class>com.kms.katalon.core.logging.XmlKeywordLogger</class>
  <method>logMessage</method>
  <thread>1</thread>
  <message>platform = Windows 11</message>
  <nestedLevel>1</nestedLevel>
  <escapedJava>false</escapedJava>
  <property name="platform">Windows 11</property>
</record>
<record>
  <date>2024-10-13T08:08:17.244501100Z</date>
  <millis>1728806897244</millis>
  <nanos>501100</nanos>
  <sequence>526</sequence>
  <level>RUN_DATA</level>
  <class>com.kms.katalon.core.logging.XmlKeywordLogger</class>
  <method>logMessage</method>
  <thread>1</thread>
  <message>seleniumVersion = 3.141.59</message>
  <nestedLevel>1</nestedLevel>
  <escapedJava>false</escapedJava>
  <property name="seleniumVersion">3.141.59</property>
</record>
<record>
  <date>2024-10-13T08:08:17.246494Z</date>
  <millis>1728806897246</millis>
  <nanos>494000</nanos>
  <sequence>527</sequence>
  <level>RUN_DATA</level>
  <class>com.kms.katalon.core.logging.XmlKeywordLogger</class>
  <method>logMessage</method>
  <thread>1</thread>
  <message>proxyInformation = ProxyInformation { proxyOption=NO_PROXY, proxyServerType=HTTP, username=, password=********, proxyServerAddress=, proxyServerPort=0, executionList=&amp;quot;&amp;quot;, isApplyToDesiredCapabilities=true }</message>
  <nestedLevel>1</nestedLevel>
  <escapedJava>false</escapedJava>
  <property name="proxyInformation">ProxyInformation { proxyOption=NO_PROXY, proxyServerType=HTTP, username=, password=********, proxyServerAddress=, proxyServerPort=0, executionList=&quot;&quot;, isApplyToDesiredCapabilities=true }</property>
</record>
<record>
  <date>2024-10-13T08:08:17.261768600Z</date>
  <millis>1728806897261</millis>
  <nanos>768600</nanos>
  <sequence>528</sequence>
  <level>PASSED</level>
  <class>com.kms.katalon.core.logging.XmlKeywordLogger</class>
  <method>logMessage</method>
  <thread>1</thread>
  <message>Browser is opened with url: &amp;apos;&amp;apos;</message>
  <nestedLevel>1</nestedLevel>
  <escapedJava>false</escapedJava>
  <property name="testops-method-name">com.kms.katalon.core.webui.keyword.builtin.OpenBrowserKeyword.openBrowser</property>
  <property name="testops-execution-stacktrace"></property>
</record>
<record>
  <date>2024-10-13T08:08:17.265749900Z</date>
  <millis>1728806897265</millis>
  <nanos>749900</nanos>
  <sequence>529</sequence>
  <level>END</level>
  <class>com.kms.katalon.core.logging.XmlKeywordLogger</class>
  <method>endKeyword</method>
  <thread>1</thread>
  <message>End action : openBrowser(&amp;quot;&amp;quot;)</message>
  <nestedLevel>1</nestedLevel>
  <escapedJava>false</escapedJava>
</record>
<record>
  <date>2024-10-13T08:08:17.266623Z</date>
  <millis>1728806897266</millis>
  <nanos>623000</nanos>
  <sequence>530</sequence>
  <level>START</level>
  <class>com.kms.katalon.core.logging.XmlKeywordLogger</class>
  <method>startKeyword</method>
  <thread>1</thread>
  <message>Start action : navigateToUrl(&amp;quot;https://www.wowmomo.com/&amp;quot;)</message>
  <nestedLevel>1</nestedLevel>
  <escapedJava>false</escapedJava>
  <property name="startLine">22</property>
  <property name="stepIndex">2</property>
</record>
<record>
  <date>2024-10-13T08:08:20.555767200Z</date>
  <millis>1728806900555</millis>
  <nanos>767200</nanos>
  <sequence>533</sequence>
  <level>PASSED</level>
  <class>com.kms.katalon.core.logging.XmlKeywordLogger</class>
  <method>logMessage</method>
  <thread>1</thread>
  <message>Navigate to &amp;apos;https://www.wowmomo.com/&amp;apos; successfully</message>
  <nestedLevel>1</nestedLevel>
  <escapedJava>false</escapedJava>
  <property name="testops-method-name">com.kms.katalon.core.webui.keyword.builtin.NavigateToUrlKeyword.navigateToUrl</property>
  <property name="testops-execution-stacktrace"></property>
</record>
<record>
  <date>2024-10-13T08:08:20.558757400Z</date>
  <millis>1728806900558</millis>
  <nanos>757400</nanos>
  <sequence>534</sequence>
  <level>END</level>
  <class>com.kms.katalon.core.logging.XmlKeywordLogger</class>
  <method>endKeyword</method>
  <thread>1</thread>
  <message>End action : navigateToUrl(&amp;quot;https://www.wowmomo.com/&amp;quot;)</message>
  <nestedLevel>1</nestedLevel>
  <escapedJava>false</escapedJava>
</record>
<record>
  <date>2024-10-13T08:08:20.559753Z</date>
  <millis>1728806900559</millis>
  <nanos>753000</nanos>
  <sequence>535</sequence>
  <level>START</level>
  <class>com.kms.katalon.core.logging.XmlKeywordLogger</class>
  <method>startKeyword</method>
  <thread>1</thread>
  <message>Start action : closeBrowser()</message>
  <nestedLevel>1</nestedLevel>
  <escapedJava>false</escapedJava>
  <property name="startLine">24</property>
  <property name="stepIndex">3</property>
</record>
<record>
  <date>2024-10-13T08:08:20.705913100Z</date>
  <millis>1728806900705</millis>
  <nanos>913100</nanos>
  <sequence>537</sequence>
  <level>PASSED</level>
  <class>com.kms.katalon.core.logging.XmlKeywordLogger</class>
  <method>logMessage</method>
  <thread>1</thread>
  <message>Browser is closed</message>
  <nestedLevel>1</nestedLevel>
  <escapedJava>false</escapedJava>
  <property name="testops-method-name">com.kms.katalon.core.webui.keyword.builtin.CloseBrowserKeyword.closeBrowser</property>
  <property name="testops-execution-stacktrace"></property>
</record>
<record>
  <date>2024-10-13T08:08:20.705913100Z</date>
  <millis>1728806900705</millis>
  <nanos>913100</nanos>
  <sequence>538</sequence>
  <level>END</level>
  <class>com.kms.katalon.core.logging.XmlKeywordLogger</class>
  <method>endKeyword</method>
  <thread>1</thread>
  <message>End action : closeBrowser()</message>
  <nestedLevel>1</nestedLevel>
  <escapedJava>false</escapedJava>
</record>
<record>
  <date>2024-10-13T08:08:20.706908400Z</date>
  <millis>1728806900706</millis>
  <nanos>908400</nanos>
  <sequence>539</sequence>
  <level>PASSED</level>
  <class>com.kms.katalon.core.logging.XmlKeywordLogger</class>
  <method>logMessage</method>
  <thread>1</thread>
  <message>Test Cases/wow momo</message>
  <nestedLevel>1</nestedLevel>
  <escapedJava>false</escapedJava>
</record>
<record>
  <date>2024-10-13T08:08:20.707905300Z</date>
  <millis>1728806900707</millis>
  <nanos>905300</nanos>
  <sequence>540</sequence>
  <level>END</level>
  <class>com.kms.katalon.core.logging.XmlKeywordLogger</class>
  <method>endTest</method>
  <thread>1</thread>
  <message>End Test Case : Test Cases/wow momo</message>
  <nestedLevel>0</nestedLevel>
  <escapedJava>false</escapedJava>
  <property name="executionBindingVariables">[]</property>
  <property name="applitools">false</property>
  <property name="remainingRetryCount">3</property>
  <property name="currentRetryCount">0</property>
  <property name="keywordsUsage">{
  &quot;web_ui&quot;: true,
  &quot;web_service&quot;: false,
  &quot;cucumber&quot;: false,
  &quot;builtin&quot;: false,
  &quot;mobile&quot;: false,
  &quot;windows&quot;: false,
  &quot;testng&quot;: false
}</property>
</record>
<record>
  <date>2024-10-13T08:08:20.712887900Z</date>
  <millis>1728806900712</millis>
  <nanos>887900</nanos>
  <sequence>541</sequence>
  <level>START</level>
  <class>com.kms.katalon.core.logging.XmlKeywordLogger</class>
  <method>startTest</method>
  <thread>1</thread>
  <message>Start Test Case : Test Cases/pharmeasy</message>
  <nestedLevel>1</nestedLevel>
  <escapedJava>false</escapedJava>
  <property name="remainingRetryCount">3</property>
  <property name="name">Test Cases/pharmeasy</property>
  <property name="description"></property>
  <property name="iteration"></property>
  <property name="id">Test Cases/pharmeasy</property>
  <property name="source">C:\Users\Rohit Roy\git\Katalon-Project\Test Cases\pharmeasy.tc</property>
  <property name="tag"></property>
  <property name="isOptional">false</property>
  <property name="currentRetryCount">0</property>
</record>
<record>
  <date>2024-10-13T08:08:20.763759700Z</date>
  <millis>1728806900763</millis>
  <nanos>759700</nanos>
  <sequence>543</sequence>
  <level>START</level>
  <class>com.kms.katalon.core.logging.XmlKeywordLogger</class>
  <method>startKeyword</method>
  <thread>1</thread>
  <message>Start action : openBrowser(&amp;quot;&amp;quot;)</message>
  <nestedLevel>1</nestedLevel>
  <escapedJava>false</escapedJava>
  <property name="startLine">20</property>
  <property name="stepIndex">1</property>
</record>
<record>
  <date>2024-10-13T08:08:20.765862500Z</date>
  <millis>1728806900765</millis>
  <nanos>862500</nanos>
  <sequence>545</sequence>
  <level>INFO</level>
  <class>com.kms.katalon.core.logging.XmlKeywordLogger</class>
  <method>logMessage</method>
  <thread>1</thread>
  <message>Starting &amp;apos;Chrome&amp;apos; driver</message>
  <nestedLevel>1</nestedLevel>
  <escapedJava>false</escapedJava>
</record>
<record>
  <date>2024-10-13T08:08:20.767851500Z</date>
  <millis>1728806900767</millis>
  <nanos>851500</nanos>
  <sequence>547</sequence>
  <level>INFO</level>
  <class>com.kms.katalon.core.logging.XmlKeywordLogger</class>
  <method>logMessage</method>
  <thread>1</thread>
  <message>Action delay is set to 0 milliseconds</message>
  <nestedLevel>1</nestedLevel>
  <escapedJava>false</escapedJava>
</record>
<record>
  <date>2024-10-13T08:08:21.557562700Z</date>
  <millis>1728806901557</millis>
  <nanos>562700</nanos>
  <sequence>549</sequence>
  <level>RUN_DATA</level>
  <class>com.kms.katalon.core.logging.XmlKeywordLogger</class>
  <method>logMessage</method>
  <thread>1</thread>
  <message>sessionId = b0858bfb628190454a2a22ea031789b9</message>
  <nestedLevel>1</nestedLevel>
  <escapedJava>false</escapedJava>
  <property name="sessionId">b0858bfb628190454a2a22ea031789b9</property>
</record>
<record>
  <date>2024-10-13T08:08:21.599750700Z</date>
  <millis>1728806901599</millis>
  <nanos>750700</nanos>
  <sequence>550</sequence>
  <level>RUN_DATA</level>
  <class>com.kms.katalon.core.logging.XmlKeywordLogger</class>
  <method>logMessage</method>
  <thread>1</thread>
  <message>browser = Chrome 130.0.0.0</message>
  <nestedLevel>1</nestedLevel>
  <escapedJava>false</escapedJava>
  <property name="browser">Chrome 130.0.0.0</property>
</record>
<record>
  <date>2024-10-13T08:08:21.600745700Z</date>
  <millis>1728806901600</millis>
  <nanos>745700</nanos>
  <sequence>551</sequence>
  <level>RUN_DATA</level>
  <class>com.kms.katalon.core.logging.XmlKeywordLogger</class>
  <method>logMessage</method>
  <thread>1</thread>
  <message>platform = Windows 11</message>
  <nestedLevel>1</nestedLevel>
  <escapedJava>false</escapedJava>
  <property name="platform">Windows 11</property>
</record>
<record>
  <date>2024-10-13T08:08:21.600745700Z</date>
  <millis>1728806901600</millis>
  <nanos>745700</nanos>
  <sequence>552</sequence>
  <level>RUN_DATA</level>
  <class>com.kms.katalon.core.logging.XmlKeywordLogger</class>
  <method>logMessage</method>
  <thread>1</thread>
  <message>seleniumVersion = 3.141.59</message>
  <nestedLevel>1</nestedLevel>
  <escapedJava>false</escapedJava>
  <property name="seleniumVersion">3.141.59</property>
</record>
<record>
  <date>2024-10-13T08:08:21.601742300Z</date>
  <millis>1728806901601</millis>
  <nanos>742300</nanos>
  <sequence>553</sequence>
  <level>RUN_DATA</level>
  <class>com.kms.katalon.core.logging.XmlKeywordLogger</class>
  <method>logMessage</method>
  <thread>1</thread>
  <message>proxyInformation = ProxyInformation { proxyOption=NO_PROXY, proxyServerType=HTTP, username=, password=********, proxyServerAddress=, proxyServerPort=0, executionList=&amp;quot;&amp;quot;, isApplyToDesiredCapabilities=true }</message>
  <nestedLevel>1</nestedLevel>
  <escapedJava>false</escapedJava>
  <property name="proxyInformation">ProxyInformation { proxyOption=NO_PROXY, proxyServerType=HTTP, username=, password=********, proxyServerAddress=, proxyServerPort=0, executionList=&quot;&quot;, isApplyToDesiredCapabilities=true }</property>
</record>
<record>
  <date>2024-10-13T08:08:21.607506800Z</date>
  <millis>1728806901607</millis>
  <nanos>506800</nanos>
  <sequence>554</sequence>
  <level>PASSED</level>
  <class>com.kms.katalon.core.logging.XmlKeywordLogger</class>
  <method>logMessage</method>
  <thread>1</thread>
  <message>Browser is opened with url: &amp;apos;&amp;apos;</message>
  <nestedLevel>1</nestedLevel>
  <escapedJava>false</escapedJava>
  <property name="testops-method-name">com.kms.katalon.core.webui.keyword.builtin.OpenBrowserKeyword.openBrowser</property>
  <property name="testops-execution-stacktrace"></property>
</record>
<record>
  <date>2024-10-13T08:08:21.607506800Z</date>
  <millis>1728806901607</millis>
  <nanos>506800</nanos>
  <sequence>555</sequence>
  <level>END</level>
  <class>com.kms.katalon.core.logging.XmlKeywordLogger</class>
  <method>endKeyword</method>
  <thread>1</thread>
  <message>End action : openBrowser(&amp;quot;&amp;quot;)</message>
  <nestedLevel>1</nestedLevel>
  <escapedJava>false</escapedJava>
</record>
<record>
  <date>2024-10-13T08:08:21.607506800Z</date>
  <millis>1728806901607</millis>
  <nanos>506800</nanos>
  <sequence>556</sequence>
  <level>START</level>
  <class>com.kms.katalon.core.logging.XmlKeywordLogger</class>
  <method>startKeyword</method>
  <thread>1</thread>
  <message>Start action : navigateToUrl(&amp;quot;https://pharmeasy.in/&amp;quot;)</message>
  <nestedLevel>1</nestedLevel>
  <escapedJava>false</escapedJava>
  <property name="startLine">22</property>
  <property name="stepIndex">2</property>
</record>
<record>
  <date>2024-10-13T08:08:22.318346100Z</date>
  <millis>1728806902318</millis>
  <nanos>346100</nanos>
  <sequence>559</sequence>
  <level>PASSED</level>
  <class>com.kms.katalon.core.logging.XmlKeywordLogger</class>
  <method>logMessage</method>
  <thread>1</thread>
  <message>Navigate to &amp;apos;https://pharmeasy.in/&amp;apos; successfully</message>
  <nestedLevel>1</nestedLevel>
  <escapedJava>false</escapedJava>
  <property name="testops-method-name">com.kms.katalon.core.webui.keyword.builtin.NavigateToUrlKeyword.navigateToUrl</property>
  <property name="testops-execution-stacktrace"></property>
</record>
<record>
  <date>2024-10-13T08:08:22.318346100Z</date>
  <millis>1728806902318</millis>
  <nanos>346100</nanos>
  <sequence>560</sequence>
  <level>END</level>
  <class>com.kms.katalon.core.logging.XmlKeywordLogger</class>
  <method>endKeyword</method>
  <thread>1</thread>
  <message>End action : navigateToUrl(&amp;quot;https://pharmeasy.in/&amp;quot;)</message>
  <nestedLevel>1</nestedLevel>
  <escapedJava>false</escapedJava>
</record>
<record>
  <date>2024-10-13T08:08:22.319343Z</date>
  <millis>1728806902319</millis>
  <nanos>343000</nanos>
  <sequence>561</sequence>
  <level>START</level>
  <class>com.kms.katalon.core.logging.XmlKeywordLogger</class>
  <method>startKeyword</method>
  <thread>1</thread>
  <message>Start action : closeBrowser()</message>
  <nestedLevel>1</nestedLevel>
  <escapedJava>false</escapedJava>
  <property name="startLine">24</property>
  <property name="stepIndex">3</property>
</record>
<record>
  <date>2024-10-13T08:08:22.424227100Z</date>
  <millis>1728806902424</millis>
  <nanos>227100</nanos>
  <sequence>563</sequence>
  <level>PASSED</level>
  <class>com.kms.katalon.core.logging.XmlKeywordLogger</class>
  <method>logMessage</method>
  <thread>1</thread>
  <message>Browser is closed</message>
  <nestedLevel>1</nestedLevel>
  <escapedJava>false</escapedJava>
  <property name="testops-method-name">com.kms.katalon.core.webui.keyword.builtin.CloseBrowserKeyword.closeBrowser</property>
  <property name="testops-execution-stacktrace"></property>
</record>
<record>
  <date>2024-10-13T08:08:22.424227100Z</date>
  <millis>1728806902424</millis>
  <nanos>227100</nanos>
  <sequence>564</sequence>
  <level>END</level>
  <class>com.kms.katalon.core.logging.XmlKeywordLogger</class>
  <method>endKeyword</method>
  <thread>1</thread>
  <message>End action : closeBrowser()</message>
  <nestedLevel>1</nestedLevel>
  <escapedJava>false</escapedJava>
</record>
<record>
  <date>2024-10-13T08:08:22.424227100Z</date>
  <millis>1728806902424</millis>
  <nanos>227100</nanos>
  <sequence>565</sequence>
  <level>PASSED</level>
  <class>com.kms.katalon.core.logging.XmlKeywordLogger</class>
  <method>logMessage</method>
  <thread>1</thread>
  <message>Test Cases/pharmeasy</message>
  <nestedLevel>1</nestedLevel>
  <escapedJava>false</escapedJava>
</record>
<record>
  <date>2024-10-13T08:08:22.425223100Z</date>
  <millis>1728806902425</millis>
  <nanos>223100</nanos>
  <sequence>566</sequence>
  <level>END</level>
  <class>com.kms.katalon.core.logging.XmlKeywordLogger</class>
  <method>endTest</method>
  <thread>1</thread>
  <message>End Test Case : Test Cases/pharmeasy</message>
  <nestedLevel>0</nestedLevel>
  <escapedJava>false</escapedJava>
  <property name="executionBindingVariables">[]</property>
  <property name="applitools">false</property>
  <property name="remainingRetryCount">3</property>
  <property name="currentRetryCount">0</property>
  <property name="keywordsUsage">{
  &quot;web_ui&quot;: true,
  &quot;web_service&quot;: false,
  &quot;cucumber&quot;: false,
  &quot;builtin&quot;: false,
  &quot;mobile&quot;: false,
  &quot;windows&quot;: false,
  &quot;testng&quot;: false
}</property>
</record>
<record>
  <date>2024-10-13T08:08:22.430206Z</date>
  <millis>1728806902430</millis>
  <nanos>206000</nanos>
  <sequence>567</sequence>
  <level>START</level>
  <class>com.kms.katalon.core.logging.XmlKeywordLogger</class>
  <method>startTest</method>
  <thread>1</thread>
  <message>Start Test Case : Test Cases/Applo</message>
  <nestedLevel>1</nestedLevel>
  <escapedJava>false</escapedJava>
  <property name="remainingRetryCount">3</property>
  <property name="name">Test Cases/Applo</property>
  <property name="description"></property>
  <property name="iteration"></property>
  <property name="id">Test Cases/Applo</property>
  <property name="source">C:\Users\Rohit Roy\git\Katalon-Project\Test Cases\Applo.tc</property>
  <property name="tag"></property>
  <property name="isOptional">false</property>
  <property name="currentRetryCount">0</property>
</record>
<record>
  <date>2024-10-13T08:08:22.467358400Z</date>
  <millis>1728806902467</millis>
  <nanos>358400</nanos>
  <sequence>569</sequence>
  <level>START</level>
  <class>com.kms.katalon.core.logging.XmlKeywordLogger</class>
  <method>startKeyword</method>
  <thread>1</thread>
  <message>Start action : openBrowser(&amp;quot;&amp;quot;)</message>
  <nestedLevel>1</nestedLevel>
  <escapedJava>false</escapedJava>
  <property name="startLine">20</property>
  <property name="stepIndex">1</property>
</record>
<record>
  <date>2024-10-13T08:08:22.468355200Z</date>
  <millis>1728806902468</millis>
  <nanos>355200</nanos>
  <sequence>571</sequence>
  <level>INFO</level>
  <class>com.kms.katalon.core.logging.XmlKeywordLogger</class>
  <method>logMessage</method>
  <thread>1</thread>
  <message>Starting &amp;apos;Chrome&amp;apos; driver</message>
  <nestedLevel>1</nestedLevel>
  <escapedJava>false</escapedJava>
</record>
<record>
  <date>2024-10-13T08:08:22.469351700Z</date>
  <millis>1728806902469</millis>
  <nanos>351700</nanos>
  <sequence>573</sequence>
  <level>INFO</level>
  <class>com.kms.katalon.core.logging.XmlKeywordLogger</class>
  <method>logMessage</method>
  <thread>1</thread>
  <message>Action delay is set to 0 milliseconds</message>
  <nestedLevel>1</nestedLevel>
  <escapedJava>false</escapedJava>
</record>
<record>
  <date>2024-10-13T08:08:23.229519600Z</date>
  <millis>1728806903229</millis>
  <nanos>519600</nanos>
  <sequence>575</sequence>
  <level>RUN_DATA</level>
  <class>com.kms.katalon.core.logging.XmlKeywordLogger</class>
  <method>logMessage</method>
  <thread>1</thread>
  <message>sessionId = 2381d326303bbdc0f8206f933dd0ed77</message>
  <nestedLevel>1</nestedLevel>
  <escapedJava>false</escapedJava>
  <property name="sessionId">2381d326303bbdc0f8206f933dd0ed77</property>
</record>
<record>
  <date>2024-10-13T08:08:23.263403300Z</date>
  <millis>1728806903263</millis>
  <nanos>403300</nanos>
  <sequence>576</sequence>
  <level>RUN_DATA</level>
  <class>com.kms.katalon.core.logging.XmlKeywordLogger</class>
  <method>logMessage</method>
  <thread>1</thread>
  <message>browser = Chrome 130.0.0.0</message>
  <nestedLevel>1</nestedLevel>
  <escapedJava>false</escapedJava>
  <property name="browser">Chrome 130.0.0.0</property>
</record>
<record>
  <date>2024-10-13T08:08:23.264403100Z</date>
  <millis>1728806903264</millis>
  <nanos>403100</nanos>
  <sequence>577</sequence>
  <level>RUN_DATA</level>
  <class>com.kms.katalon.core.logging.XmlKeywordLogger</class>
  <method>logMessage</method>
  <thread>1</thread>
  <message>platform = Windows 11</message>
  <nestedLevel>1</nestedLevel>
  <escapedJava>false</escapedJava>
  <property name="platform">Windows 11</property>
</record>
<record>
  <date>2024-10-13T08:08:23.264403100Z</date>
  <millis>1728806903264</millis>
  <nanos>403100</nanos>
  <sequence>578</sequence>
  <level>RUN_DATA</level>
  <class>com.kms.katalon.core.logging.XmlKeywordLogger</class>
  <method>logMessage</method>
  <thread>1</thread>
  <message>seleniumVersion = 3.141.59</message>
  <nestedLevel>1</nestedLevel>
  <escapedJava>false</escapedJava>
  <property name="seleniumVersion">3.141.59</property>
</record>
<record>
  <date>2024-10-13T08:08:23.265399200Z</date>
  <millis>1728806903265</millis>
  <nanos>399200</nanos>
  <sequence>579</sequence>
  <level>RUN_DATA</level>
  <class>com.kms.katalon.core.logging.XmlKeywordLogger</class>
  <method>logMessage</method>
  <thread>1</thread>
  <message>proxyInformation = ProxyInformation { proxyOption=NO_PROXY, proxyServerType=HTTP, username=, password=********, proxyServerAddress=, proxyServerPort=0, executionList=&amp;quot;&amp;quot;, isApplyToDesiredCapabilities=true }</message>
  <nestedLevel>1</nestedLevel>
  <escapedJava>false</escapedJava>
  <property name="proxyInformation">ProxyInformation { proxyOption=NO_PROXY, proxyServerType=HTTP, username=, password=********, proxyServerAddress=, proxyServerPort=0, executionList=&quot;&quot;, isApplyToDesiredCapabilities=true }</property>
</record>
<record>
  <date>2024-10-13T08:08:23.275366400Z</date>
  <millis>1728806903275</millis>
  <nanos>366400</nanos>
  <sequence>580</sequence>
  <level>PASSED</level>
  <class>com.kms.katalon.core.logging.XmlKeywordLogger</class>
  <method>logMessage</method>
  <thread>1</thread>
  <message>Browser is opened with url: &amp;apos;&amp;apos;</message>
  <nestedLevel>1</nestedLevel>
  <escapedJava>false</escapedJava>
  <property name="testops-method-name">com.kms.katalon.core.webui.keyword.builtin.OpenBrowserKeyword.openBrowser</property>
  <property name="testops-execution-stacktrace"></property>
</record>
<record>
  <date>2024-10-13T08:08:23.278353100Z</date>
  <millis>1728806903278</millis>
  <nanos>353100</nanos>
  <sequence>581</sequence>
  <level>END</level>
  <class>com.kms.katalon.core.logging.XmlKeywordLogger</class>
  <method>endKeyword</method>
  <thread>1</thread>
  <message>End action : openBrowser(&amp;quot;&amp;quot;)</message>
  <nestedLevel>1</nestedLevel>
  <escapedJava>false</escapedJava>
</record>
<record>
  <date>2024-10-13T08:08:23.279350400Z</date>
  <millis>1728806903279</millis>
  <nanos>350400</nanos>
  <sequence>582</sequence>
  <level>START</level>
  <class>com.kms.katalon.core.logging.XmlKeywordLogger</class>
  <method>startKeyword</method>
  <thread>1</thread>
  <message>Start action : navigateToUrl(&amp;quot;https://www.apollopharmacy.in/&amp;quot;)</message>
  <nestedLevel>1</nestedLevel>
  <escapedJava>false</escapedJava>
  <property name="startLine">22</property>
  <property name="stepIndex">2</property>
</record>
<record>
  <date>2024-10-13T08:08:25.980634800Z</date>
  <millis>1728806905980</millis>
  <nanos>634800</nanos>
  <sequence>585</sequence>
  <level>PASSED</level>
  <class>com.kms.katalon.core.logging.XmlKeywordLogger</class>
  <method>logMessage</method>
  <thread>1</thread>
  <message>Navigate to &amp;apos;https://www.apollopharmacy.in/&amp;apos; successfully</message>
  <nestedLevel>1</nestedLevel>
  <escapedJava>false</escapedJava>
  <property name="testops-method-name">com.kms.katalon.core.webui.keyword.builtin.NavigateToUrlKeyword.navigateToUrl</property>
  <property name="testops-execution-stacktrace"></property>
</record>
<record>
  <date>2024-10-13T08:08:25.984628800Z</date>
  <millis>1728806905984</millis>
  <nanos>628800</nanos>
  <sequence>586</sequence>
  <level>END</level>
  <class>com.kms.katalon.core.logging.XmlKeywordLogger</class>
  <method>endKeyword</method>
  <thread>1</thread>
  <message>End action : navigateToUrl(&amp;quot;https://www.apollopharmacy.in/&amp;quot;)</message>
  <nestedLevel>1</nestedLevel>
  <escapedJava>false</escapedJava>
</record>
<record>
  <date>2024-10-13T08:08:25.984628800Z</date>
  <millis>1728806905984</millis>
  <nanos>628800</nanos>
  <sequence>587</sequence>
  <level>START</level>
  <class>com.kms.katalon.core.logging.XmlKeywordLogger</class>
  <method>startKeyword</method>
  <thread>1</thread>
  <message>Start action : closeBrowser()</message>
  <nestedLevel>1</nestedLevel>
  <escapedJava>false</escapedJava>
  <property name="startLine">24</property>
  <property name="stepIndex">3</property>
</record>
<record>
  <date>2024-10-13T08:08:26.190109500Z</date>
  <millis>1728806906190</millis>
  <nanos>109500</nanos>
  <sequence>589</sequence>
  <level>PASSED</level>
  <class>com.kms.katalon.core.logging.XmlKeywordLogger</class>
  <method>logMessage</method>
  <thread>1</thread>
  <message>Browser is closed</message>
  <nestedLevel>1</nestedLevel>
  <escapedJava>false</escapedJava>
  <property name="testops-method-name">com.kms.katalon.core.webui.keyword.builtin.CloseBrowserKeyword.closeBrowser</property>
  <property name="testops-execution-stacktrace"></property>
</record>
<record>
  <date>2024-10-13T08:08:26.190109500Z</date>
  <millis>1728806906190</millis>
  <nanos>109500</nanos>
  <sequence>590</sequence>
  <level>END</level>
  <class>com.kms.katalon.core.logging.XmlKeywordLogger</class>
  <method>endKeyword</method>
  <thread>1</thread>
  <message>End action : closeBrowser()</message>
  <nestedLevel>1</nestedLevel>
  <escapedJava>false</escapedJava>
</record>
<record>
  <date>2024-10-13T08:08:26.190109500Z</date>
  <millis>1728806906190</millis>
  <nanos>109500</nanos>
  <sequence>591</sequence>
  <level>PASSED</level>
  <class>com.kms.katalon.core.logging.XmlKeywordLogger</class>
  <method>logMessage</method>
  <thread>1</thread>
  <message>Test Cases/Applo</message>
  <nestedLevel>1</nestedLevel>
  <escapedJava>false</escapedJava>
</record>
<record>
  <date>2024-10-13T08:08:26.191106100Z</date>
  <millis>1728806906191</millis>
  <nanos>106100</nanos>
  <sequence>592</sequence>
  <level>END</level>
  <class>com.kms.katalon.core.logging.XmlKeywordLogger</class>
  <method>endTest</method>
  <thread>1</thread>
  <message>End Test Case : Test Cases/Applo</message>
  <nestedLevel>0</nestedLevel>
  <escapedJava>false</escapedJava>
  <property name="executionBindingVariables">[]</property>
  <property name="applitools">false</property>
  <property name="remainingRetryCount">3</property>
  <property name="currentRetryCount">0</property>
  <property name="keywordsUsage">{
  &quot;web_ui&quot;: true,
  &quot;web_service&quot;: false,
  &quot;cucumber&quot;: false,
  &quot;builtin&quot;: false,
  &quot;mobile&quot;: false,
  &quot;windows&quot;: false,
  &quot;testng&quot;: false
}</property>
</record>
<record>
  <date>2024-10-13T08:08:26.196089100Z</date>
  <millis>1728806906196</millis>
  <nanos>89100</nanos>
  <sequence>593</sequence>
  <level>START</level>
  <class>com.kms.katalon.core.logging.XmlKeywordLogger</class>
  <method>startTest</method>
  <thread>1</thread>
  <message>Start Test Case : Test Cases/nedmeds</message>
  <nestedLevel>1</nestedLevel>
  <escapedJava>false</escapedJava>
  <property name="remainingRetryCount">3</property>
  <property name="name">Test Cases/nedmeds</property>
  <property name="description"></property>
  <property name="iteration"></property>
  <property name="id">Test Cases/nedmeds</property>
  <property name="source">C:\Users\Rohit Roy\git\Katalon-Project\Test Cases\nedmeds.tc</property>
  <property name="tag"></property>
  <property name="isOptional">false</property>
  <property name="currentRetryCount">0</property>
</record>
<record>
  <date>2024-10-13T08:08:26.244088600Z</date>
  <millis>1728806906244</millis>
  <nanos>88600</nanos>
  <sequence>595</sequence>
  <level>START</level>
  <class>com.kms.katalon.core.logging.XmlKeywordLogger</class>
  <method>startKeyword</method>
  <thread>1</thread>
  <message>Start action : openBrowser(&amp;quot;&amp;quot;)</message>
  <nestedLevel>1</nestedLevel>
  <escapedJava>false</escapedJava>
  <property name="startLine">20</property>
  <property name="stepIndex">1</property>
</record>
<record>
  <date>2024-10-13T08:08:26.258077700Z</date>
  <millis>1728806906258</millis>
  <nanos>77700</nanos>
  <sequence>597</sequence>
  <level>INFO</level>
  <class>com.kms.katalon.core.logging.XmlKeywordLogger</class>
  <method>logMessage</method>
  <thread>1</thread>
  <message>Starting &amp;apos;Chrome&amp;apos; driver</message>
  <nestedLevel>1</nestedLevel>
  <escapedJava>false</escapedJava>
</record>
<record>
  <date>2024-10-13T08:08:26.260073900Z</date>
  <millis>1728806906260</millis>
  <nanos>73900</nanos>
  <sequence>599</sequence>
  <level>INFO</level>
  <class>com.kms.katalon.core.logging.XmlKeywordLogger</class>
  <method>logMessage</method>
  <thread>1</thread>
  <message>Action delay is set to 0 milliseconds</message>
  <nestedLevel>1</nestedLevel>
  <escapedJava>false</escapedJava>
</record>
<record>
  <date>2024-10-13T08:08:26.867942200Z</date>
  <millis>1728806906867</millis>
  <nanos>942200</nanos>
  <sequence>601</sequence>
  <level>RUN_DATA</level>
  <class>com.kms.katalon.core.logging.XmlKeywordLogger</class>
  <method>logMessage</method>
  <thread>1</thread>
  <message>sessionId = f93cdf239071208a113a0ce039008b66</message>
  <nestedLevel>1</nestedLevel>
  <escapedJava>false</escapedJava>
  <property name="sessionId">f93cdf239071208a113a0ce039008b66</property>
</record>
<record>
  <date>2024-10-13T08:08:26.900829800Z</date>
  <millis>1728806906900</millis>
  <nanos>829800</nanos>
  <sequence>602</sequence>
  <level>RUN_DATA</level>
  <class>com.kms.katalon.core.logging.XmlKeywordLogger</class>
  <method>logMessage</method>
  <thread>1</thread>
  <message>browser = Chrome 130.0.0.0</message>
  <nestedLevel>1</nestedLevel>
  <escapedJava>false</escapedJava>
  <property name="browser">Chrome 130.0.0.0</property>
</record>
<record>
  <date>2024-10-13T08:08:26.901826400Z</date>
  <millis>1728806906901</millis>
  <nanos>826400</nanos>
  <sequence>603</sequence>
  <level>RUN_DATA</level>
  <class>com.kms.katalon.core.logging.XmlKeywordLogger</class>
  <method>logMessage</method>
  <thread>1</thread>
  <message>platform = Windows 11</message>
  <nestedLevel>1</nestedLevel>
  <escapedJava>false</escapedJava>
  <property name="platform">Windows 11</property>
</record>
<record>
  <date>2024-10-13T08:08:26.901826400Z</date>
  <millis>1728806906901</millis>
  <nanos>826400</nanos>
  <sequence>604</sequence>
  <level>RUN_DATA</level>
  <class>com.kms.katalon.core.logging.XmlKeywordLogger</class>
  <method>logMessage</method>
  <thread>1</thread>
  <message>seleniumVersion = 3.141.59</message>
  <nestedLevel>1</nestedLevel>
  <escapedJava>false</escapedJava>
  <property name="seleniumVersion">3.141.59</property>
</record>
<record>
  <date>2024-10-13T08:08:26.902823600Z</date>
  <millis>1728806906902</millis>
  <nanos>823600</nanos>
  <sequence>605</sequence>
  <level>RUN_DATA</level>
  <class>com.kms.katalon.core.logging.XmlKeywordLogger</class>
  <method>logMessage</method>
  <thread>1</thread>
  <message>proxyInformation = ProxyInformation { proxyOption=NO_PROXY, proxyServerType=HTTP, username=, password=********, proxyServerAddress=, proxyServerPort=0, executionList=&amp;quot;&amp;quot;, isApplyToDesiredCapabilities=true }</message>
  <nestedLevel>1</nestedLevel>
  <escapedJava>false</escapedJava>
  <property name="proxyInformation">ProxyInformation { proxyOption=NO_PROXY, proxyServerType=HTTP, username=, password=********, proxyServerAddress=, proxyServerPort=0, executionList=&quot;&quot;, isApplyToDesiredCapabilities=true }</property>
</record>
<record>
  <date>2024-10-13T08:08:26.911606500Z</date>
  <millis>1728806906911</millis>
  <nanos>606500</nanos>
  <sequence>606</sequence>
  <level>PASSED</level>
  <class>com.kms.katalon.core.logging.XmlKeywordLogger</class>
  <method>logMessage</method>
  <thread>1</thread>
  <message>Browser is opened with url: &amp;apos;&amp;apos;</message>
  <nestedLevel>1</nestedLevel>
  <escapedJava>false</escapedJava>
  <property name="testops-method-name">com.kms.katalon.core.webui.keyword.builtin.OpenBrowserKeyword.openBrowser</property>
  <property name="testops-execution-stacktrace"></property>
</record>
<record>
  <date>2024-10-13T08:08:26.915591700Z</date>
  <millis>1728806906915</millis>
  <nanos>591700</nanos>
  <sequence>607</sequence>
  <level>END</level>
  <class>com.kms.katalon.core.logging.XmlKeywordLogger</class>
  <method>endKeyword</method>
  <thread>1</thread>
  <message>End action : openBrowser(&amp;quot;&amp;quot;)</message>
  <nestedLevel>1</nestedLevel>
  <escapedJava>false</escapedJava>
</record>
<record>
  <date>2024-10-13T08:08:26.916588800Z</date>
  <millis>1728806906916</millis>
  <nanos>588800</nanos>
  <sequence>608</sequence>
  <level>START</level>
  <class>com.kms.katalon.core.logging.XmlKeywordLogger</class>
  <method>startKeyword</method>
  <thread>1</thread>
  <message>Start action : navigateToUrl(&amp;quot;https://www.netmeds.com/&amp;quot;)</message>
  <nestedLevel>1</nestedLevel>
  <escapedJava>false</escapedJava>
  <property name="startLine">22</property>
  <property name="stepIndex">2</property>
</record>
<record>
  <date>2024-10-13T08:08:32.013198Z</date>
  <millis>1728806912013</millis>
  <nanos>198000</nanos>
  <sequence>611</sequence>
  <level>PASSED</level>
  <class>com.kms.katalon.core.logging.XmlKeywordLogger</class>
  <method>logMessage</method>
  <thread>1</thread>
  <message>Navigate to &amp;apos;https://www.netmeds.com/&amp;apos; successfully</message>
  <nestedLevel>1</nestedLevel>
  <escapedJava>false</escapedJava>
  <property name="testops-method-name">com.kms.katalon.core.webui.keyword.builtin.NavigateToUrlKeyword.navigateToUrl</property>
  <property name="testops-execution-stacktrace"></property>
</record>
<record>
  <date>2024-10-13T08:08:32.014196300Z</date>
  <millis>1728806912014</millis>
  <nanos>196300</nanos>
  <sequence>612</sequence>
  <level>END</level>
  <class>com.kms.katalon.core.logging.XmlKeywordLogger</class>
  <method>endKeyword</method>
  <thread>1</thread>
  <message>End action : navigateToUrl(&amp;quot;https://www.netmeds.com/&amp;quot;)</message>
  <nestedLevel>1</nestedLevel>
  <escapedJava>false</escapedJava>
</record>
<record>
  <date>2024-10-13T08:08:32.014196300Z</date>
  <millis>1728806912014</millis>
  <nanos>196300</nanos>
  <sequence>613</sequence>
  <level>START</level>
  <class>com.kms.katalon.core.logging.XmlKeywordLogger</class>
  <method>startKeyword</method>
  <thread>1</thread>
  <message>Start action : closeBrowser()</message>
  <nestedLevel>1</nestedLevel>
  <escapedJava>false</escapedJava>
  <property name="startLine">24</property>
  <property name="stepIndex">3</property>
</record>
<record>
  <date>2024-10-13T08:08:32.136784Z</date>
  <millis>1728806912136</millis>
  <nanos>784000</nanos>
  <sequence>615</sequence>
  <level>PASSED</level>
  <class>com.kms.katalon.core.logging.XmlKeywordLogger</class>
  <method>logMessage</method>
  <thread>1</thread>
  <message>Browser is closed</message>
  <nestedLevel>1</nestedLevel>
  <escapedJava>false</escapedJava>
  <property name="testops-method-name">com.kms.katalon.core.webui.keyword.builtin.CloseBrowserKeyword.closeBrowser</property>
  <property name="testops-execution-stacktrace"></property>
</record>
<record>
  <date>2024-10-13T08:08:32.136784Z</date>
  <millis>1728806912136</millis>
  <nanos>784000</nanos>
  <sequence>616</sequence>
  <level>END</level>
  <class>com.kms.katalon.core.logging.XmlKeywordLogger</class>
  <method>endKeyword</method>
  <thread>1</thread>
  <message>End action : closeBrowser()</message>
  <nestedLevel>1</nestedLevel>
  <escapedJava>false</escapedJava>
</record>
<record>
  <date>2024-10-13T08:08:32.136784Z</date>
  <millis>1728806912136</millis>
  <nanos>784000</nanos>
  <sequence>617</sequence>
  <level>PASSED</level>
  <class>com.kms.katalon.core.logging.XmlKeywordLogger</class>
  <method>logMessage</method>
  <thread>1</thread>
  <message>Test Cases/nedmeds</message>
  <nestedLevel>1</nestedLevel>
  <escapedJava>false</escapedJava>
</record>
<record>
  <date>2024-10-13T08:08:32.137781200Z</date>
  <millis>1728806912137</millis>
  <nanos>781200</nanos>
  <sequence>618</sequence>
  <level>END</level>
  <class>com.kms.katalon.core.logging.XmlKeywordLogger</class>
  <method>endTest</method>
  <thread>1</thread>
  <message>End Test Case : Test Cases/nedmeds</message>
  <nestedLevel>0</nestedLevel>
  <escapedJava>false</escapedJava>
  <property name="executionBindingVariables">[]</property>
  <property name="applitools">false</property>
  <property name="remainingRetryCount">3</property>
  <property name="currentRetryCount">0</property>
  <property name="keywordsUsage">{
  &quot;web_ui&quot;: true,
  &quot;web_service&quot;: false,
  &quot;cucumber&quot;: false,
  &quot;builtin&quot;: false,
  &quot;mobile&quot;: false,
  &quot;windows&quot;: false,
  &quot;testng&quot;: false
}</property>
</record>
<record>
  <date>2024-10-13T08:08:32.138777700Z</date>
  <millis>1728806912138</millis>
  <nanos>777700</nanos>
  <sequence>619</sequence>
  <level>START</level>
  <class>com.kms.katalon.core.logging.XmlKeywordLogger</class>
  <method>startTest</method>
  <thread>1</thread>
  <message>Start Test Case : Test Cases/1mg</message>
  <nestedLevel>1</nestedLevel>
  <escapedJava>false</escapedJava>
  <property name="remainingRetryCount">3</property>
  <property name="name">Test Cases/1mg</property>
  <property name="description"></property>
  <property name="iteration"></property>
  <property name="id">Test Cases/1mg</property>
  <property name="source">C:\Users\Rohit Roy\git\Katalon-Project\Test Cases\1mg.tc</property>
  <property name="tag"></property>
  <property name="isOptional">false</property>
  <property name="currentRetryCount">0</property>
</record>
<record>
  <date>2024-10-13T08:08:32.157714600Z</date>
  <millis>1728806912157</millis>
  <nanos>714600</nanos>
  <sequence>621</sequence>
  <level>START</level>
  <class>com.kms.katalon.core.logging.XmlKeywordLogger</class>
  <method>startKeyword</method>
  <thread>1</thread>
  <message>Start action : openBrowser(&amp;quot;&amp;quot;)</message>
  <nestedLevel>1</nestedLevel>
  <escapedJava>false</escapedJava>
  <property name="startLine">20</property>
  <property name="stepIndex">1</property>
</record>
<record>
  <date>2024-10-13T08:08:32.159707500Z</date>
  <millis>1728806912159</millis>
  <nanos>707500</nanos>
  <sequence>623</sequence>
  <level>INFO</level>
  <class>com.kms.katalon.core.logging.XmlKeywordLogger</class>
  <method>logMessage</method>
  <thread>1</thread>
  <message>Starting &amp;apos;Chrome&amp;apos; driver</message>
  <nestedLevel>1</nestedLevel>
  <escapedJava>false</escapedJava>
</record>
<record>
  <date>2024-10-13T08:08:32.160704Z</date>
  <millis>1728806912160</millis>
  <nanos>704000</nanos>
  <sequence>625</sequence>
  <level>INFO</level>
  <class>com.kms.katalon.core.logging.XmlKeywordLogger</class>
  <method>logMessage</method>
  <thread>1</thread>
  <message>Action delay is set to 0 milliseconds</message>
  <nestedLevel>1</nestedLevel>
  <escapedJava>false</escapedJava>
</record>
<record>
  <date>2024-10-13T08:08:32.869470900Z</date>
  <millis>1728806912869</millis>
  <nanos>470900</nanos>
  <sequence>627</sequence>
  <level>RUN_DATA</level>
  <class>com.kms.katalon.core.logging.XmlKeywordLogger</class>
  <method>logMessage</method>
  <thread>1</thread>
  <message>sessionId = 84b70fa8bde76a74600e192320132550</message>
  <nestedLevel>1</nestedLevel>
  <escapedJava>false</escapedJava>
  <property name="sessionId">84b70fa8bde76a74600e192320132550</property>
</record>
<record>
  <date>2024-10-13T08:08:32.915316200Z</date>
  <millis>1728806912915</millis>
  <nanos>316200</nanos>
  <sequence>628</sequence>
  <level>RUN_DATA</level>
  <class>com.kms.katalon.core.logging.XmlKeywordLogger</class>
  <method>logMessage</method>
  <thread>1</thread>
  <message>browser = Chrome 130.0.0.0</message>
  <nestedLevel>1</nestedLevel>
  <escapedJava>false</escapedJava>
  <property name="browser">Chrome 130.0.0.0</property>
</record>
<record>
  <date>2024-10-13T08:08:32.916319500Z</date>
  <millis>1728806912916</millis>
  <nanos>319500</nanos>
  <sequence>629</sequence>
  <level>RUN_DATA</level>
  <class>com.kms.katalon.core.logging.XmlKeywordLogger</class>
  <method>logMessage</method>
  <thread>1</thread>
  <message>platform = Windows 11</message>
  <nestedLevel>1</nestedLevel>
  <escapedJava>false</escapedJava>
  <property name="platform">Windows 11</property>
</record>
<record>
  <date>2024-10-13T08:08:32.917309400Z</date>
  <millis>1728806912917</millis>
  <nanos>309400</nanos>
  <sequence>630</sequence>
  <level>RUN_DATA</level>
  <class>com.kms.katalon.core.logging.XmlKeywordLogger</class>
  <method>logMessage</method>
  <thread>1</thread>
  <message>seleniumVersion = 3.141.59</message>
  <nestedLevel>1</nestedLevel>
  <escapedJava>false</escapedJava>
  <property name="seleniumVersion">3.141.59</property>
</record>
<record>
  <date>2024-10-13T08:08:32.919308800Z</date>
  <millis>1728806912919</millis>
  <nanos>308800</nanos>
  <sequence>631</sequence>
  <level>RUN_DATA</level>
  <class>com.kms.katalon.core.logging.XmlKeywordLogger</class>
  <method>logMessage</method>
  <thread>1</thread>
  <message>proxyInformation = ProxyInformation { proxyOption=NO_PROXY, proxyServerType=HTTP, username=, password=********, proxyServerAddress=, proxyServerPort=0, executionList=&amp;quot;&amp;quot;, isApplyToDesiredCapabilities=true }</message>
  <nestedLevel>1</nestedLevel>
  <escapedJava>false</escapedJava>
  <property name="proxyInformation">ProxyInformation { proxyOption=NO_PROXY, proxyServerType=HTTP, username=, password=********, proxyServerAddress=, proxyServerPort=0, executionList=&quot;&quot;, isApplyToDesiredCapabilities=true }</property>
</record>
<record>
  <date>2024-10-13T08:08:32.928486100Z</date>
  <millis>1728806912928</millis>
  <nanos>486100</nanos>
  <sequence>632</sequence>
  <level>PASSED</level>
  <class>com.kms.katalon.core.logging.XmlKeywordLogger</class>
  <method>logMessage</method>
  <thread>1</thread>
  <message>Browser is opened with url: &amp;apos;&amp;apos;</message>
  <nestedLevel>1</nestedLevel>
  <escapedJava>false</escapedJava>
  <property name="testops-method-name">com.kms.katalon.core.webui.keyword.builtin.OpenBrowserKeyword.openBrowser</property>
  <property name="testops-execution-stacktrace"></property>
</record>
<record>
  <date>2024-10-13T08:08:32.928486100Z</date>
  <millis>1728806912928</millis>
  <nanos>486100</nanos>
  <sequence>633</sequence>
  <level>END</level>
  <class>com.kms.katalon.core.logging.XmlKeywordLogger</class>
  <method>endKeyword</method>
  <thread>1</thread>
  <message>End action : openBrowser(&amp;quot;&amp;quot;)</message>
  <nestedLevel>1</nestedLevel>
  <escapedJava>false</escapedJava>
</record>
<record>
  <date>2024-10-13T08:08:32.935978Z</date>
  <millis>1728806912935</millis>
  <nanos>978000</nanos>
  <sequence>634</sequence>
  <level>START</level>
  <class>com.kms.katalon.core.logging.XmlKeywordLogger</class>
  <method>startKeyword</method>
  <thread>1</thread>
  <message>Start action : navigateToUrl(&amp;quot;https://www.1mg.com/&amp;quot;)</message>
  <nestedLevel>1</nestedLevel>
  <escapedJava>false</escapedJava>
  <property name="startLine">22</property>
  <property name="stepIndex">2</property>
</record>
<record>
  <date>2024-10-13T08:08:36.431739300Z</date>
  <millis>1728806916431</millis>
  <nanos>739300</nanos>
  <sequence>637</sequence>
  <level>PASSED</level>
  <class>com.kms.katalon.core.logging.XmlKeywordLogger</class>
  <method>logMessage</method>
  <thread>1</thread>
  <message>Navigate to &amp;apos;https://www.1mg.com/&amp;apos; successfully</message>
  <nestedLevel>1</nestedLevel>
  <escapedJava>false</escapedJava>
  <property name="testops-method-name">com.kms.katalon.core.webui.keyword.builtin.NavigateToUrlKeyword.navigateToUrl</property>
  <property name="testops-execution-stacktrace"></property>
</record>
<record>
  <date>2024-10-13T08:08:36.432736400Z</date>
  <millis>1728806916432</millis>
  <nanos>736400</nanos>
  <sequence>638</sequence>
  <level>END</level>
  <class>com.kms.katalon.core.logging.XmlKeywordLogger</class>
  <method>endKeyword</method>
  <thread>1</thread>
  <message>End action : navigateToUrl(&amp;quot;https://www.1mg.com/&amp;quot;)</message>
  <nestedLevel>1</nestedLevel>
  <escapedJava>false</escapedJava>
</record>
<record>
  <date>2024-10-13T08:08:36.433736300Z</date>
  <millis>1728806916433</millis>
  <nanos>736300</nanos>
  <sequence>639</sequence>
  <level>START</level>
  <class>com.kms.katalon.core.logging.XmlKeywordLogger</class>
  <method>startKeyword</method>
  <thread>1</thread>
  <message>Start action : closeBrowser()</message>
  <nestedLevel>1</nestedLevel>
  <escapedJava>false</escapedJava>
  <property name="startLine">24</property>
  <property name="stepIndex">3</property>
</record>
<record>
  <date>2024-10-13T08:08:36.613270400Z</date>
  <millis>1728806916613</millis>
  <nanos>270400</nanos>
  <sequence>641</sequence>
  <level>PASSED</level>
  <class>com.kms.katalon.core.logging.XmlKeywordLogger</class>
  <method>logMessage</method>
  <thread>1</thread>
  <message>Browser is closed</message>
  <nestedLevel>1</nestedLevel>
  <escapedJava>false</escapedJava>
  <property name="testops-method-name">com.kms.katalon.core.webui.keyword.builtin.CloseBrowserKeyword.closeBrowser</property>
  <property name="testops-execution-stacktrace"></property>
</record>
<record>
  <date>2024-10-13T08:08:36.614264900Z</date>
  <millis>1728806916614</millis>
  <nanos>264900</nanos>
  <sequence>642</sequence>
  <level>END</level>
  <class>com.kms.katalon.core.logging.XmlKeywordLogger</class>
  <method>endKeyword</method>
  <thread>1</thread>
  <message>End action : closeBrowser()</message>
  <nestedLevel>1</nestedLevel>
  <escapedJava>false</escapedJava>
</record>
<record>
  <date>2024-10-13T08:08:36.614264900Z</date>
  <millis>1728806916614</millis>
  <nanos>264900</nanos>
  <sequence>643</sequence>
  <level>PASSED</level>
  <class>com.kms.katalon.core.logging.XmlKeywordLogger</class>
  <method>logMessage</method>
  <thread>1</thread>
  <message>Test Cases/1mg</message>
  <nestedLevel>1</nestedLevel>
  <escapedJava>false</escapedJava>
</record>
<record>
  <date>2024-10-13T08:08:36.617258800Z</date>
  <millis>1728806916617</millis>
  <nanos>258800</nanos>
  <sequence>644</sequence>
  <level>END</level>
  <class>com.kms.katalon.core.logging.XmlKeywordLogger</class>
  <method>endTest</method>
  <thread>1</thread>
  <message>End Test Case : Test Cases/1mg</message>
  <nestedLevel>0</nestedLevel>
  <escapedJava>false</escapedJava>
  <property name="executionBindingVariables">[]</property>
  <property name="applitools">false</property>
  <property name="remainingRetryCount">3</property>
  <property name="currentRetryCount">0</property>
  <property name="keywordsUsage">{
  &quot;web_ui&quot;: true,
  &quot;web_service&quot;: false,
  &quot;cucumber&quot;: false,
  &quot;builtin&quot;: false,
  &quot;mobile&quot;: false,
  &quot;windows&quot;: false,
  &quot;testng&quot;: false
}</property>
</record>
<record>
  <date>2024-10-13T08:08:36.627217500Z</date>
  <millis>1728806916627</millis>
  <nanos>217500</nanos>
  <sequence>645</sequence>
  <level>START</level>
  <class>com.kms.katalon.core.logging.XmlKeywordLogger</class>
  <method>startTest</method>
  <thread>1</thread>
  <message>Start Test Case : Test Cases/pcinicin</message>
  <nestedLevel>1</nestedLevel>
  <escapedJava>false</escapedJava>
  <property name="remainingRetryCount">3</property>
  <property name="name">Test Cases/pcinicin</property>
  <property name="description"></property>
  <property name="iteration"></property>
  <property name="id">Test Cases/pcinicin</property>
  <property name="source">C:\Users\Rohit Roy\git\Katalon-Project\Test Cases\pcinicin.tc</property>
  <property name="tag"></property>
  <property name="isOptional">false</property>
  <property name="currentRetryCount">0</property>
</record>
<record>
  <date>2024-10-13T08:08:36.684024Z</date>
  <millis>1728806916684</millis>
  <nanos>24000</nanos>
  <sequence>647</sequence>
  <level>START</level>
  <class>com.kms.katalon.core.logging.XmlKeywordLogger</class>
  <method>startKeyword</method>
  <thread>1</thread>
  <message>Start action : openBrowser(&amp;quot;&amp;quot;)</message>
  <nestedLevel>1</nestedLevel>
  <escapedJava>false</escapedJava>
  <property name="startLine">20</property>
  <property name="stepIndex">1</property>
</record>
<record>
  <date>2024-10-13T08:08:36.686016200Z</date>
  <millis>1728806916686</millis>
  <nanos>16200</nanos>
  <sequence>649</sequence>
  <level>INFO</level>
  <class>com.kms.katalon.core.logging.XmlKeywordLogger</class>
  <method>logMessage</method>
  <thread>1</thread>
  <message>Starting &amp;apos;Chrome&amp;apos; driver</message>
  <nestedLevel>1</nestedLevel>
  <escapedJava>false</escapedJava>
</record>
<record>
  <date>2024-10-13T08:08:36.687012900Z</date>
  <millis>1728806916687</millis>
  <nanos>12900</nanos>
  <sequence>651</sequence>
  <level>INFO</level>
  <class>com.kms.katalon.core.logging.XmlKeywordLogger</class>
  <method>logMessage</method>
  <thread>1</thread>
  <message>Action delay is set to 0 milliseconds</message>
  <nestedLevel>1</nestedLevel>
  <escapedJava>false</escapedJava>
</record>
<record>
  <date>2024-10-13T08:08:37.366179700Z</date>
  <millis>1728806917366</millis>
  <nanos>179700</nanos>
  <sequence>653</sequence>
  <level>RUN_DATA</level>
  <class>com.kms.katalon.core.logging.XmlKeywordLogger</class>
  <method>logMessage</method>
  <thread>1</thread>
  <message>sessionId = 8946f21a4cf8b45107c44c543b034d05</message>
  <nestedLevel>1</nestedLevel>
  <escapedJava>false</escapedJava>
  <property name="sessionId">8946f21a4cf8b45107c44c543b034d05</property>
</record>
<record>
  <date>2024-10-13T08:08:37.403057900Z</date>
  <millis>1728806917403</millis>
  <nanos>57900</nanos>
  <sequence>654</sequence>
  <level>RUN_DATA</level>
  <class>com.kms.katalon.core.logging.XmlKeywordLogger</class>
  <method>logMessage</method>
  <thread>1</thread>
  <message>browser = Chrome 130.0.0.0</message>
  <nestedLevel>1</nestedLevel>
  <escapedJava>false</escapedJava>
  <property name="browser">Chrome 130.0.0.0</property>
</record>
<record>
  <date>2024-10-13T08:08:37.404058500Z</date>
  <millis>1728806917404</millis>
  <nanos>58500</nanos>
  <sequence>655</sequence>
  <level>RUN_DATA</level>
  <class>com.kms.katalon.core.logging.XmlKeywordLogger</class>
  <method>logMessage</method>
  <thread>1</thread>
  <message>platform = Windows 11</message>
  <nestedLevel>1</nestedLevel>
  <escapedJava>false</escapedJava>
  <property name="platform">Windows 11</property>
</record>
<record>
  <date>2024-10-13T08:08:37.404058500Z</date>
  <millis>1728806917404</millis>
  <nanos>58500</nanos>
  <sequence>656</sequence>
  <level>RUN_DATA</level>
  <class>com.kms.katalon.core.logging.XmlKeywordLogger</class>
  <method>logMessage</method>
  <thread>1</thread>
  <message>seleniumVersion = 3.141.59</message>
  <nestedLevel>1</nestedLevel>
  <escapedJava>false</escapedJava>
  <property name="seleniumVersion">3.141.59</property>
</record>
<record>
  <date>2024-10-13T08:08:37.406044100Z</date>
  <millis>1728806917406</millis>
  <nanos>44100</nanos>
  <sequence>657</sequence>
  <level>RUN_DATA</level>
  <class>com.kms.katalon.core.logging.XmlKeywordLogger</class>
  <method>logMessage</method>
  <thread>1</thread>
  <message>proxyInformation = ProxyInformation { proxyOption=NO_PROXY, proxyServerType=HTTP, username=, password=********, proxyServerAddress=, proxyServerPort=0, executionList=&amp;quot;&amp;quot;, isApplyToDesiredCapabilities=true }</message>
  <nestedLevel>1</nestedLevel>
  <escapedJava>false</escapedJava>
  <property name="proxyInformation">ProxyInformation { proxyOption=NO_PROXY, proxyServerType=HTTP, username=, password=********, proxyServerAddress=, proxyServerPort=0, executionList=&quot;&quot;, isApplyToDesiredCapabilities=true }</property>
</record>
<record>
  <date>2024-10-13T08:08:37.415219600Z</date>
  <millis>1728806917415</millis>
  <nanos>219600</nanos>
  <sequence>658</sequence>
  <level>PASSED</level>
  <class>com.kms.katalon.core.logging.XmlKeywordLogger</class>
  <method>logMessage</method>
  <thread>1</thread>
  <message>Browser is opened with url: &amp;apos;&amp;apos;</message>
  <nestedLevel>1</nestedLevel>
  <escapedJava>false</escapedJava>
  <property name="testops-method-name">com.kms.katalon.core.webui.keyword.builtin.OpenBrowserKeyword.openBrowser</property>
  <property name="testops-execution-stacktrace"></property>
</record>
<record>
  <date>2024-10-13T08:08:37.417212800Z</date>
  <millis>1728806917417</millis>
  <nanos>212800</nanos>
  <sequence>659</sequence>
  <level>END</level>
  <class>com.kms.katalon.core.logging.XmlKeywordLogger</class>
  <method>endKeyword</method>
  <thread>1</thread>
  <message>End action : openBrowser(&amp;quot;&amp;quot;)</message>
  <nestedLevel>1</nestedLevel>
  <escapedJava>false</escapedJava>
</record>
<record>
  <date>2024-10-13T08:08:37.417212800Z</date>
  <millis>1728806917417</millis>
  <nanos>212800</nanos>
  <sequence>660</sequence>
  <level>START</level>
  <class>com.kms.katalon.core.logging.XmlKeywordLogger</class>
  <method>startKeyword</method>
  <thread>1</thread>
  <message>Start action : navigateToUrl(&amp;quot;https://www.pci.nic.in/&amp;quot;)</message>
  <nestedLevel>1</nestedLevel>
  <escapedJava>false</escapedJava>
  <property name="startLine">22</property>
  <property name="stepIndex">2</property>
</record>
<record>
  <date>2024-10-13T08:08:39.233240100Z</date>
  <millis>1728806919233</millis>
  <nanos>240100</nanos>
  <sequence>663</sequence>
  <level>PASSED</level>
  <class>com.kms.katalon.core.logging.XmlKeywordLogger</class>
  <method>logMessage</method>
  <thread>1</thread>
  <message>Navigate to &amp;apos;https://www.pci.nic.in/&amp;apos; successfully</message>
  <nestedLevel>1</nestedLevel>
  <escapedJava>false</escapedJava>
  <property name="testops-method-name">com.kms.katalon.core.webui.keyword.builtin.NavigateToUrlKeyword.navigateToUrl</property>
  <property name="testops-execution-stacktrace"></property>
</record>
<record>
  <date>2024-10-13T08:08:39.239220Z</date>
  <millis>1728806919239</millis>
  <nanos>220000</nanos>
  <sequence>664</sequence>
  <level>END</level>
  <class>com.kms.katalon.core.logging.XmlKeywordLogger</class>
  <method>endKeyword</method>
  <thread>1</thread>
  <message>End action : navigateToUrl(&amp;quot;https://www.pci.nic.in/&amp;quot;)</message>
  <nestedLevel>1</nestedLevel>
  <escapedJava>false</escapedJava>
</record>
<record>
  <date>2024-10-13T08:08:39.240207800Z</date>
  <millis>1728806919240</millis>
  <nanos>207800</nanos>
  <sequence>665</sequence>
  <level>START</level>
  <class>com.kms.katalon.core.logging.XmlKeywordLogger</class>
  <method>startKeyword</method>
  <thread>1</thread>
  <message>Start action : closeBrowser()</message>
  <nestedLevel>1</nestedLevel>
  <escapedJava>false</escapedJava>
  <property name="startLine">24</property>
  <property name="stepIndex">3</property>
</record>
<record>
  <date>2024-10-13T08:08:39.378533200Z</date>
  <millis>1728806919378</millis>
  <nanos>533200</nanos>
  <sequence>667</sequence>
  <level>PASSED</level>
  <class>com.kms.katalon.core.logging.XmlKeywordLogger</class>
  <method>logMessage</method>
  <thread>1</thread>
  <message>Browser is closed</message>
  <nestedLevel>1</nestedLevel>
  <escapedJava>false</escapedJava>
  <property name="testops-method-name">com.kms.katalon.core.webui.keyword.builtin.CloseBrowserKeyword.closeBrowser</property>
  <property name="testops-execution-stacktrace"></property>
</record>
<record>
  <date>2024-10-13T08:08:39.378533200Z</date>
  <millis>1728806919378</millis>
  <nanos>533200</nanos>
  <sequence>668</sequence>
  <level>END</level>
  <class>com.kms.katalon.core.logging.XmlKeywordLogger</class>
  <method>endKeyword</method>
  <thread>1</thread>
  <message>End action : closeBrowser()</message>
  <nestedLevel>1</nestedLevel>
  <escapedJava>false</escapedJava>
</record>
<record>
  <date>2024-10-13T08:08:39.379528300Z</date>
  <millis>1728806919379</millis>
  <nanos>528300</nanos>
  <sequence>669</sequence>
  <level>PASSED</level>
  <class>com.kms.katalon.core.logging.XmlKeywordLogger</class>
  <method>logMessage</method>
  <thread>1</thread>
  <message>Test Cases/pcinicin</message>
  <nestedLevel>1</nestedLevel>
  <escapedJava>false</escapedJava>
</record>
<record>
  <date>2024-10-13T08:08:39.380532100Z</date>
  <millis>1728806919380</millis>
  <nanos>532100</nanos>
  <sequence>670</sequence>
  <level>END</level>
  <class>com.kms.katalon.core.logging.XmlKeywordLogger</class>
  <method>endTest</method>
  <thread>1</thread>
  <message>End Test Case : Test Cases/pcinicin</message>
  <nestedLevel>0</nestedLevel>
  <escapedJava>false</escapedJava>
  <property name="executionBindingVariables">[]</property>
  <property name="applitools">false</property>
  <property name="remainingRetryCount">3</property>
  <property name="currentRetryCount">0</property>
  <property name="keywordsUsage">{
  &quot;web_ui&quot;: true,
  &quot;web_service&quot;: false,
  &quot;cucumber&quot;: false,
  &quot;builtin&quot;: false,
  &quot;mobile&quot;: false,
  &quot;windows&quot;: false,
  &quot;testng&quot;: false
}</property>
</record>
<record>
  <date>2024-10-13T08:08:39.389500200Z</date>
  <millis>1728806919389</millis>
  <nanos>500200</nanos>
  <sequence>671</sequence>
  <level>START</level>
  <class>com.kms.katalon.core.logging.XmlKeywordLogger</class>
  <method>startTest</method>
  <thread>1</thread>
  <message>Start Test Case : Test Cases/mdpicom</message>
  <nestedLevel>1</nestedLevel>
  <escapedJava>false</escapedJava>
  <property name="remainingRetryCount">3</property>
  <property name="name">Test Cases/mdpicom</property>
  <property name="description"></property>
  <property name="iteration"></property>
  <property name="id">Test Cases/mdpicom</property>
  <property name="source">C:\Users\Rohit Roy\git\Katalon-Project\Test Cases\mdpicom.tc</property>
  <property name="tag"></property>
  <property name="isOptional">false</property>
  <property name="currentRetryCount">0</property>
</record>
<record>
  <date>2024-10-13T08:08:39.422263200Z</date>
  <millis>1728806919422</millis>
  <nanos>263200</nanos>
  <sequence>673</sequence>
  <level>START</level>
  <class>com.kms.katalon.core.logging.XmlKeywordLogger</class>
  <method>startKeyword</method>
  <thread>1</thread>
  <message>Start action : openBrowser(&amp;quot;&amp;quot;)</message>
  <nestedLevel>1</nestedLevel>
  <escapedJava>false</escapedJava>
  <property name="startLine">20</property>
  <property name="stepIndex">1</property>
</record>
<record>
  <date>2024-10-13T08:08:39.424257Z</date>
  <millis>1728806919424</millis>
  <nanos>257000</nanos>
  <sequence>675</sequence>
  <level>INFO</level>
  <class>com.kms.katalon.core.logging.XmlKeywordLogger</class>
  <method>logMessage</method>
  <thread>1</thread>
  <message>Starting &amp;apos;Chrome&amp;apos; driver</message>
  <nestedLevel>1</nestedLevel>
  <escapedJava>false</escapedJava>
</record>
<record>
  <date>2024-10-13T08:08:39.425253500Z</date>
  <millis>1728806919425</millis>
  <nanos>253500</nanos>
  <sequence>677</sequence>
  <level>INFO</level>
  <class>com.kms.katalon.core.logging.XmlKeywordLogger</class>
  <method>logMessage</method>
  <thread>1</thread>
  <message>Action delay is set to 0 milliseconds</message>
  <nestedLevel>1</nestedLevel>
  <escapedJava>false</escapedJava>
</record>
<record>
  <date>2024-10-13T08:08:40.066059700Z</date>
  <millis>1728806920066</millis>
  <nanos>59700</nanos>
  <sequence>679</sequence>
  <level>RUN_DATA</level>
  <class>com.kms.katalon.core.logging.XmlKeywordLogger</class>
  <method>logMessage</method>
  <thread>1</thread>
  <message>sessionId = f887d8ed4e0b619b6da4e736605860c1</message>
  <nestedLevel>1</nestedLevel>
  <escapedJava>false</escapedJava>
  <property name="sessionId">f887d8ed4e0b619b6da4e736605860c1</property>
</record>
<record>
  <date>2024-10-13T08:08:40.096946500Z</date>
  <millis>1728806920096</millis>
  <nanos>946500</nanos>
  <sequence>680</sequence>
  <level>RUN_DATA</level>
  <class>com.kms.katalon.core.logging.XmlKeywordLogger</class>
  <method>logMessage</method>
  <thread>1</thread>
  <message>browser = Chrome 130.0.0.0</message>
  <nestedLevel>1</nestedLevel>
  <escapedJava>false</escapedJava>
  <property name="browser">Chrome 130.0.0.0</property>
</record>
<record>
  <date>2024-10-13T08:08:40.096946500Z</date>
  <millis>1728806920096</millis>
  <nanos>946500</nanos>
  <sequence>681</sequence>
  <level>RUN_DATA</level>
  <class>com.kms.katalon.core.logging.XmlKeywordLogger</class>
  <method>logMessage</method>
  <thread>1</thread>
  <message>platform = Windows 11</message>
  <nestedLevel>1</nestedLevel>
  <escapedJava>false</escapedJava>
  <property name="platform">Windows 11</property>
</record>
<record>
  <date>2024-10-13T08:08:40.096946500Z</date>
  <millis>1728806920096</millis>
  <nanos>946500</nanos>
  <sequence>682</sequence>
  <level>RUN_DATA</level>
  <class>com.kms.katalon.core.logging.XmlKeywordLogger</class>
  <method>logMessage</method>
  <thread>1</thread>
  <message>seleniumVersion = 3.141.59</message>
  <nestedLevel>1</nestedLevel>
  <escapedJava>false</escapedJava>
  <property name="seleniumVersion">3.141.59</property>
</record>
<record>
  <date>2024-10-13T08:08:40.097945500Z</date>
  <millis>1728806920097</millis>
  <nanos>945500</nanos>
  <sequence>683</sequence>
  <level>RUN_DATA</level>
  <class>com.kms.katalon.core.logging.XmlKeywordLogger</class>
  <method>logMessage</method>
  <thread>1</thread>
  <message>proxyInformation = ProxyInformation { proxyOption=NO_PROXY, proxyServerType=HTTP, username=, password=********, proxyServerAddress=, proxyServerPort=0, executionList=&amp;quot;&amp;quot;, isApplyToDesiredCapabilities=true }</message>
  <nestedLevel>1</nestedLevel>
  <escapedJava>false</escapedJava>
  <property name="proxyInformation">ProxyInformation { proxyOption=NO_PROXY, proxyServerType=HTTP, username=, password=********, proxyServerAddress=, proxyServerPort=0, executionList=&quot;&quot;, isApplyToDesiredCapabilities=true }</property>
</record>
<record>
  <date>2024-10-13T08:08:40.107915200Z</date>
  <millis>1728806920107</millis>
  <nanos>915200</nanos>
  <sequence>684</sequence>
  <level>PASSED</level>
  <class>com.kms.katalon.core.logging.XmlKeywordLogger</class>
  <method>logMessage</method>
  <thread>1</thread>
  <message>Browser is opened with url: &amp;apos;&amp;apos;</message>
  <nestedLevel>1</nestedLevel>
  <escapedJava>false</escapedJava>
  <property name="testops-method-name">com.kms.katalon.core.webui.keyword.builtin.OpenBrowserKeyword.openBrowser</property>
  <property name="testops-execution-stacktrace"></property>
</record>
<record>
  <date>2024-10-13T08:08:40.110912100Z</date>
  <millis>1728806920110</millis>
  <nanos>912100</nanos>
  <sequence>685</sequence>
  <level>END</level>
  <class>com.kms.katalon.core.logging.XmlKeywordLogger</class>
  <method>endKeyword</method>
  <thread>1</thread>
  <message>End action : openBrowser(&amp;quot;&amp;quot;)</message>
  <nestedLevel>1</nestedLevel>
  <escapedJava>false</escapedJava>
</record>
<record>
  <date>2024-10-13T08:08:40.111898800Z</date>
  <millis>1728806920111</millis>
  <nanos>898800</nanos>
  <sequence>686</sequence>
  <level>START</level>
  <class>com.kms.katalon.core.logging.XmlKeywordLogger</class>
  <method>startKeyword</method>
  <thread>1</thread>
  <message>Start action : navigateToUrl(&amp;quot;https://www.mdpi.com/journal/pharmacy&amp;quot;)</message>
  <nestedLevel>1</nestedLevel>
  <escapedJava>false</escapedJava>
  <property name="startLine">22</property>
  <property name="stepIndex">2</property>
</record>
<record>
  <date>2024-10-13T08:08:46.074557500Z</date>
  <millis>1728806926074</millis>
  <nanos>557500</nanos>
  <sequence>689</sequence>
  <level>PASSED</level>
  <class>com.kms.katalon.core.logging.XmlKeywordLogger</class>
  <method>logMessage</method>
  <thread>1</thread>
  <message>Navigate to &amp;apos;https://www.mdpi.com/journal/pharmacy&amp;apos; successfully</message>
  <nestedLevel>1</nestedLevel>
  <escapedJava>false</escapedJava>
  <property name="testops-method-name">com.kms.katalon.core.webui.keyword.builtin.NavigateToUrlKeyword.navigateToUrl</property>
  <property name="testops-execution-stacktrace"></property>
</record>
<record>
  <date>2024-10-13T08:08:46.074557500Z</date>
  <millis>1728806926074</millis>
  <nanos>557500</nanos>
  <sequence>690</sequence>
  <level>END</level>
  <class>com.kms.katalon.core.logging.XmlKeywordLogger</class>
  <method>endKeyword</method>
  <thread>1</thread>
  <message>End action : navigateToUrl(&amp;quot;https://www.mdpi.com/journal/pharmacy&amp;quot;)</message>
  <nestedLevel>1</nestedLevel>
  <escapedJava>false</escapedJava>
</record>
<record>
  <date>2024-10-13T08:08:46.075554100Z</date>
  <millis>1728806926075</millis>
  <nanos>554100</nanos>
  <sequence>691</sequence>
  <level>START</level>
  <class>com.kms.katalon.core.logging.XmlKeywordLogger</class>
  <method>startKeyword</method>
  <thread>1</thread>
  <message>Start action : closeBrowser()</message>
  <nestedLevel>1</nestedLevel>
  <escapedJava>false</escapedJava>
  <property name="startLine">24</property>
  <property name="stepIndex">3</property>
</record>
<record>
  <date>2024-10-13T08:08:46.196629100Z</date>
  <millis>1728806926196</millis>
  <nanos>629100</nanos>
  <sequence>693</sequence>
  <level>PASSED</level>
  <class>com.kms.katalon.core.logging.XmlKeywordLogger</class>
  <method>logMessage</method>
  <thread>1</thread>
  <message>Browser is closed</message>
  <nestedLevel>1</nestedLevel>
  <escapedJava>false</escapedJava>
  <property name="testops-method-name">com.kms.katalon.core.webui.keyword.builtin.CloseBrowserKeyword.closeBrowser</property>
  <property name="testops-execution-stacktrace"></property>
</record>
<record>
  <date>2024-10-13T08:08:46.196629100Z</date>
  <millis>1728806926196</millis>
  <nanos>629100</nanos>
  <sequence>694</sequence>
  <level>END</level>
  <class>com.kms.katalon.core.logging.XmlKeywordLogger</class>
  <method>endKeyword</method>
  <thread>1</thread>
  <message>End action : closeBrowser()</message>
  <nestedLevel>1</nestedLevel>
  <escapedJava>false</escapedJava>
</record>
<record>
  <date>2024-10-13T08:08:46.196629100Z</date>
  <millis>1728806926196</millis>
  <nanos>629100</nanos>
  <sequence>695</sequence>
  <level>PASSED</level>
  <class>com.kms.katalon.core.logging.XmlKeywordLogger</class>
  <method>logMessage</method>
  <thread>1</thread>
  <message>Test Cases/mdpicom</message>
  <nestedLevel>1</nestedLevel>
  <escapedJava>false</escapedJava>
</record>
<record>
  <date>2024-10-13T08:08:46.197625800Z</date>
  <millis>1728806926197</millis>
  <nanos>625800</nanos>
  <sequence>696</sequence>
  <level>END</level>
  <class>com.kms.katalon.core.logging.XmlKeywordLogger</class>
  <method>endTest</method>
  <thread>1</thread>
  <message>End Test Case : Test Cases/mdpicom</message>
  <nestedLevel>0</nestedLevel>
  <escapedJava>false</escapedJava>
  <property name="executionBindingVariables">[]</property>
  <property name="applitools">false</property>
  <property name="remainingRetryCount">3</property>
  <property name="currentRetryCount">0</property>
  <property name="keywordsUsage">{
  &quot;web_ui&quot;: true,
  &quot;web_service&quot;: false,
  &quot;cucumber&quot;: false,
  &quot;builtin&quot;: false,
  &quot;mobile&quot;: false,
  &quot;windows&quot;: false,
  &quot;testng&quot;: false
}</property>
</record>
<record>
  <date>2024-10-13T08:08:46.200614800Z</date>
  <millis>1728806926200</millis>
  <nanos>614800</nanos>
  <sequence>697</sequence>
  <level>START</level>
  <class>com.kms.katalon.core.logging.XmlKeywordLogger</class>
  <method>startTest</method>
  <thread>1</thread>
  <message>Start Test Case : Test Cases/medplusmartcom</message>
  <nestedLevel>1</nestedLevel>
  <escapedJava>false</escapedJava>
  <property name="remainingRetryCount">3</property>
  <property name="name">Test Cases/medplusmartcom</property>
  <property name="description"></property>
  <property name="iteration"></property>
  <property name="id">Test Cases/medplusmartcom</property>
  <property name="source">C:\Users\Rohit Roy\git\Katalon-Project\Test Cases\medplusmartcom.tc</property>
  <property name="tag"></property>
  <property name="isOptional">false</property>
  <property name="currentRetryCount">0</property>
</record>
<record>
  <date>2024-10-13T08:08:46.224614700Z</date>
  <millis>1728806926224</millis>
  <nanos>614700</nanos>
  <sequence>699</sequence>
  <level>START</level>
  <class>com.kms.katalon.core.logging.XmlKeywordLogger</class>
  <method>startKeyword</method>
  <thread>1</thread>
  <message>Start action : openBrowser(&amp;quot;&amp;quot;)</message>
  <nestedLevel>1</nestedLevel>
  <escapedJava>false</escapedJava>
  <property name="startLine">20</property>
  <property name="stepIndex">1</property>
</record>
<record>
  <date>2024-10-13T08:08:46.226607700Z</date>
  <millis>1728806926226</millis>
  <nanos>607700</nanos>
  <sequence>701</sequence>
  <level>INFO</level>
  <class>com.kms.katalon.core.logging.XmlKeywordLogger</class>
  <method>logMessage</method>
  <thread>1</thread>
  <message>Starting &amp;apos;Chrome&amp;apos; driver</message>
  <nestedLevel>1</nestedLevel>
  <escapedJava>false</escapedJava>
</record>
<record>
  <date>2024-10-13T08:08:46.226607700Z</date>
  <millis>1728806926226</millis>
  <nanos>607700</nanos>
  <sequence>703</sequence>
  <level>INFO</level>
  <class>com.kms.katalon.core.logging.XmlKeywordLogger</class>
  <method>logMessage</method>
  <thread>1</thread>
  <message>Action delay is set to 0 milliseconds</message>
  <nestedLevel>1</nestedLevel>
  <escapedJava>false</escapedJava>
</record>
<record>
  <date>2024-10-13T08:08:46.934617600Z</date>
  <millis>1728806926934</millis>
  <nanos>617600</nanos>
  <sequence>705</sequence>
  <level>RUN_DATA</level>
  <class>com.kms.katalon.core.logging.XmlKeywordLogger</class>
  <method>logMessage</method>
  <thread>1</thread>
  <message>sessionId = e50f7b29d69f1de1f52e8518b0b9c6e1</message>
  <nestedLevel>1</nestedLevel>
  <escapedJava>false</escapedJava>
  <property name="sessionId">e50f7b29d69f1de1f52e8518b0b9c6e1</property>
</record>
<record>
  <date>2024-10-13T08:08:46.961522500Z</date>
  <millis>1728806926961</millis>
  <nanos>522500</nanos>
  <sequence>706</sequence>
  <level>RUN_DATA</level>
  <class>com.kms.katalon.core.logging.XmlKeywordLogger</class>
  <method>logMessage</method>
  <thread>1</thread>
  <message>browser = Chrome 130.0.0.0</message>
  <nestedLevel>1</nestedLevel>
  <escapedJava>false</escapedJava>
  <property name="browser">Chrome 130.0.0.0</property>
</record>
<record>
  <date>2024-10-13T08:08:46.962756200Z</date>
  <millis>1728806926962</millis>
  <nanos>756200</nanos>
  <sequence>707</sequence>
  <level>RUN_DATA</level>
  <class>com.kms.katalon.core.logging.XmlKeywordLogger</class>
  <method>logMessage</method>
  <thread>1</thread>
  <message>platform = Windows 11</message>
  <nestedLevel>1</nestedLevel>
  <escapedJava>false</escapedJava>
  <property name="platform">Windows 11</property>
</record>
<record>
  <date>2024-10-13T08:08:46.962756200Z</date>
  <millis>1728806926962</millis>
  <nanos>756200</nanos>
  <sequence>708</sequence>
  <level>RUN_DATA</level>
  <class>com.kms.katalon.core.logging.XmlKeywordLogger</class>
  <method>logMessage</method>
  <thread>1</thread>
  <message>seleniumVersion = 3.141.59</message>
  <nestedLevel>1</nestedLevel>
  <escapedJava>false</escapedJava>
  <property name="seleniumVersion">3.141.59</property>
</record>
<record>
  <date>2024-10-13T08:08:46.963754500Z</date>
  <millis>1728806926963</millis>
  <nanos>754500</nanos>
  <sequence>709</sequence>
  <level>RUN_DATA</level>
  <class>com.kms.katalon.core.logging.XmlKeywordLogger</class>
  <method>logMessage</method>
  <thread>1</thread>
  <message>proxyInformation = ProxyInformation { proxyOption=NO_PROXY, proxyServerType=HTTP, username=, password=********, proxyServerAddress=, proxyServerPort=0, executionList=&amp;quot;&amp;quot;, isApplyToDesiredCapabilities=true }</message>
  <nestedLevel>1</nestedLevel>
  <escapedJava>false</escapedJava>
  <property name="proxyInformation">ProxyInformation { proxyOption=NO_PROXY, proxyServerType=HTTP, username=, password=********, proxyServerAddress=, proxyServerPort=0, executionList=&quot;&quot;, isApplyToDesiredCapabilities=true }</property>
</record>
<record>
  <date>2024-10-13T08:08:46.971729600Z</date>
  <millis>1728806926971</millis>
  <nanos>729600</nanos>
  <sequence>710</sequence>
  <level>PASSED</level>
  <class>com.kms.katalon.core.logging.XmlKeywordLogger</class>
  <method>logMessage</method>
  <thread>1</thread>
  <message>Browser is opened with url: &amp;apos;&amp;apos;</message>
  <nestedLevel>1</nestedLevel>
  <escapedJava>false</escapedJava>
  <property name="testops-method-name">com.kms.katalon.core.webui.keyword.builtin.OpenBrowserKeyword.openBrowser</property>
  <property name="testops-execution-stacktrace"></property>
</record>
<record>
  <date>2024-10-13T08:08:46.973721400Z</date>
  <millis>1728806926973</millis>
  <nanos>721400</nanos>
  <sequence>711</sequence>
  <level>END</level>
  <class>com.kms.katalon.core.logging.XmlKeywordLogger</class>
  <method>endKeyword</method>
  <thread>1</thread>
  <message>End action : openBrowser(&amp;quot;&amp;quot;)</message>
  <nestedLevel>1</nestedLevel>
  <escapedJava>false</escapedJava>
</record>
<record>
  <date>2024-10-13T08:08:46.974718800Z</date>
  <millis>1728806926974</millis>
  <nanos>718800</nanos>
  <sequence>712</sequence>
  <level>START</level>
  <class>com.kms.katalon.core.logging.XmlKeywordLogger</class>
  <method>startKeyword</method>
  <thread>1</thread>
  <message>Start action : navigateToUrl(&amp;quot;https://www.medplusmart.com/&amp;quot;)</message>
  <nestedLevel>1</nestedLevel>
  <escapedJava>false</escapedJava>
  <property name="startLine">22</property>
  <property name="stepIndex">2</property>
</record>
<record>
  <date>2024-10-13T08:08:47.700396900Z</date>
  <millis>1728806927700</millis>
  <nanos>396900</nanos>
  <sequence>715</sequence>
  <level>PASSED</level>
  <class>com.kms.katalon.core.logging.XmlKeywordLogger</class>
  <method>logMessage</method>
  <thread>1</thread>
  <message>Navigate to &amp;apos;https://www.medplusmart.com/&amp;apos; successfully</message>
  <nestedLevel>1</nestedLevel>
  <escapedJava>false</escapedJava>
  <property name="testops-method-name">com.kms.katalon.core.webui.keyword.builtin.NavigateToUrlKeyword.navigateToUrl</property>
  <property name="testops-execution-stacktrace"></property>
</record>
<record>
  <date>2024-10-13T08:08:47.701394500Z</date>
  <millis>1728806927701</millis>
  <nanos>394500</nanos>
  <sequence>716</sequence>
  <level>END</level>
  <class>com.kms.katalon.core.logging.XmlKeywordLogger</class>
  <method>endKeyword</method>
  <thread>1</thread>
  <message>End action : navigateToUrl(&amp;quot;https://www.medplusmart.com/&amp;quot;)</message>
  <nestedLevel>1</nestedLevel>
  <escapedJava>false</escapedJava>
</record>
<record>
  <date>2024-10-13T08:08:47.701394500Z</date>
  <millis>1728806927701</millis>
  <nanos>394500</nanos>
  <sequence>717</sequence>
  <level>START</level>
  <class>com.kms.katalon.core.logging.XmlKeywordLogger</class>
  <method>startKeyword</method>
  <thread>1</thread>
  <message>Start action : closeBrowser()</message>
  <nestedLevel>1</nestedLevel>
  <escapedJava>false</escapedJava>
  <property name="startLine">24</property>
  <property name="stepIndex">3</property>
</record>
<record>
  <date>2024-10-13T08:08:47.766256200Z</date>
  <millis>1728806927766</millis>
  <nanos>256200</nanos>
  <sequence>719</sequence>
  <level>PASSED</level>
  <class>com.kms.katalon.core.logging.XmlKeywordLogger</class>
  <method>logMessage</method>
  <thread>1</thread>
  <message>Browser is closed</message>
  <nestedLevel>1</nestedLevel>
  <escapedJava>false</escapedJava>
  <property name="testops-method-name">com.kms.katalon.core.webui.keyword.builtin.CloseBrowserKeyword.closeBrowser</property>
  <property name="testops-execution-stacktrace"></property>
</record>
<record>
  <date>2024-10-13T08:08:47.766256200Z</date>
  <millis>1728806927766</millis>
  <nanos>256200</nanos>
  <sequence>720</sequence>
  <level>END</level>
  <class>com.kms.katalon.core.logging.XmlKeywordLogger</class>
  <method>endKeyword</method>
  <thread>1</thread>
  <message>End action : closeBrowser()</message>
  <nestedLevel>1</nestedLevel>
  <escapedJava>false</escapedJava>
</record>
<record>
  <date>2024-10-13T08:08:47.766256200Z</date>
  <millis>1728806927766</millis>
  <nanos>256200</nanos>
  <sequence>721</sequence>
  <level>PASSED</level>
  <class>com.kms.katalon.core.logging.XmlKeywordLogger</class>
  <method>logMessage</method>
  <thread>1</thread>
  <message>Test Cases/medplusmartcom</message>
  <nestedLevel>1</nestedLevel>
  <escapedJava>false</escapedJava>
</record>
<record>
  <date>2024-10-13T08:08:47.767261300Z</date>
  <millis>1728806927767</millis>
  <nanos>261300</nanos>
  <sequence>722</sequence>
  <level>END</level>
  <class>com.kms.katalon.core.logging.XmlKeywordLogger</class>
  <method>endTest</method>
  <thread>1</thread>
  <message>End Test Case : Test Cases/medplusmartcom</message>
  <nestedLevel>0</nestedLevel>
  <escapedJava>false</escapedJava>
  <property name="executionBindingVariables">[]</property>
  <property name="applitools">false</property>
  <property name="remainingRetryCount">3</property>
  <property name="currentRetryCount">0</property>
  <property name="keywordsUsage">{
  &quot;web_ui&quot;: true,
  &quot;web_service&quot;: false,
  &quot;cucumber&quot;: false,
  &quot;builtin&quot;: false,
  &quot;mobile&quot;: false,
  &quot;windows&quot;: false,
  &quot;testng&quot;: false
}</property>
</record>
<record>
  <date>2024-10-13T08:08:47.767261300Z</date>
  <millis>1728806927767</millis>
  <nanos>261300</nanos>
  <sequence>723</sequence>
  <level>START</level>
  <class>com.kms.katalon.core.logging.XmlKeywordLogger</class>
  <method>startKeyword</method>
  <thread>1</thread>
  <message>Start listener action : exportKatalonReports</message>
  <nestedLevel>0</nestedLevel>
  <escapedJava>false</escapedJava>
</record>
<record>
  <date>2024-10-13T08:08:47.924709300Z</date>
  <millis>1728806927924</millis>
  <nanos>709300</nanos>
  <sequence>1749</sequence>
  <level>INFO</level>
  <class>com.kms.katalon.core.logging.XmlKeywordLogger</class>
  <method>logMessage</method>
  <thread>1</thread>
  <message>Start generating HTML report folder at: C:\Users\Rohit Roy\git\Katalon-Project\Reports\20241013_133653\website\20241013_133653...</message>
  <nestedLevel>0</nestedLevel>
  <escapedJava>false</escapedJava>
</record>
<record>
  <date>2024-10-13T08:08:48.130844200Z</date>
  <millis>1728806928130</millis>
  <nanos>844200</nanos>
  <sequence>1750</sequence>
  <level>INFO</level>
  <class>com.kms.katalon.core.logging.XmlKeywordLogger</class>
  <method>logMessage</method>
  <thread>1</thread>
  <message>HTML report generated</message>
  <nestedLevel>0</nestedLevel>
  <escapedJava>false</escapedJava>
</record>
<record>
  <date>2024-10-13T08:08:48.130844200Z</date>
  <millis>1728806928130</millis>
  <nanos>844200</nanos>
  <sequence>1751</sequence>
  <level>INFO</level>
  <class>com.kms.katalon.core.logging.XmlKeywordLogger</class>
  <method>logMessage</method>
  <thread>1</thread>
  <message>Start generating CSV report folder at: C:\Users\Rohit Roy\git\Katalon-Project\Reports\20241013_133653\website\20241013_133653...</message>
  <nestedLevel>0</nestedLevel>
  <escapedJava>false</escapedJava>
</record>
<record>
  <date>2024-10-13T08:08:48.150777600Z</date>
  <millis>1728806928150</millis>
  <nanos>777600</nanos>
  <sequence>1752</sequence>
  <level>INFO</level>
  <class>com.kms.katalon.core.logging.XmlKeywordLogger</class>
  <method>logMessage</method>
  <thread>1</thread>
  <message>CSV report generated</message>
  <nestedLevel>0</nestedLevel>
  <escapedJava>false</escapedJava>
</record>
<record>
  <date>2024-10-13T08:08:48.154764200Z</date>
  <millis>1728806928154</millis>
  <nanos>764200</nanos>
  <sequence>1754</sequence>
  <level>END</level>
  <class>com.kms.katalon.core.logging.XmlKeywordLogger</class>
  <method>endKeyword</method>
  <thread>1</thread>
  <message>End listener action : exportKatalonReports</message>
  <nestedLevel>0</nestedLevel>
  <escapedJava>false</escapedJava>
</record>
<record>
  <date>2024-10-13T08:08:48.176691Z</date>
  <millis>1728806928176</millis>
  <nanos>691000</nanos>
  <sequence>1755</sequence>
  <level>END</level>
  <class>com.kms.katalon.core.logging.XmlKeywordLogger</class>
  <method>endSuite</method>
  <thread>1</thread>
  <message>End Test Suite : Test Suites/website</message>
  <nestedLevel>0</nestedLevel>
  <escapedJava>false</escapedJava>
</record>
</log>
